[2025-12-05 20:00:49,785] INFO Sent auto-creation request for Set(__consumer_offsets) to the active controller. (kafka.server.DefaultAutoTopicCreationManager)
[2025-12-05 20:00:49,832] INFO [ReplicaFetcherManager on broker 1] Removed fetcher for partitions Set(__consumer_offsets-13, __consumer_offsets-46, __consumer_offsets-9, __consumer_offsets-42, __consumer_offsets-21, __consumer_offsets-17, __consumer_offsets-30, __consumer_offsets-26, __consumer_offsets-5, __consumer_offsets-38, __consumer_offsets-1, __consumer_offsets-34, __consumer_offsets-16, __consumer_offsets-45, __consumer_offsets-12, __consumer_offsets-41, __consumer_offsets-24, __consumer_offsets-20, __consumer_offsets-49, __consumer_offsets-0, __consumer_offsets-29, __consumer_offsets-25, __consumer_offsets-8, __consumer_offsets-37, __consumer_offsets-4, __consumer_offsets-33, __consumer_offsets-15, __consumer_offsets-48, __consumer_offsets-11, __consumer_offsets-44, __consumer_offsets-23, __consumer_offsets-19, __consumer_offsets-32, __consumer_offsets-28, __consumer_offsets-7, __consumer_offsets-40, __consumer_offsets-3, __consumer_offsets-36, __consumer_offsets-47, __consumer_offsets-14, __consumer_offsets-43, __consumer_offsets-10, __consumer_offsets-22, __consumer_offsets-18, __consumer_offsets-31, __consumer_offsets-27, __consumer_offsets-39, __consumer_offsets-6, __consumer_offsets-35, __consumer_offsets-2) (kafka.server.ReplicaFetcherManager)
[2025-12-05 20:00:49,837] INFO [LogLoader partition=__consumer_offsets-13, dir=/tmp/kraft-combined-logs] Loading producer state till offset 0 (org.apache.kafka.storage.internals.log.UnifiedLog)
[2025-12-05 20:00:49,839] INFO Created log for partition __consumer_offsets-13 in /tmp/kraft-combined-logs/__consumer_offsets-13 with properties {cleanup.policy=compact, compression.type="producer", segment.bytes=104857600} (kafka.log.LogManager)
[2025-12-05 20:00:49,840] INFO [Partition __consumer_offsets-13 broker=1] No checkpointed highwatermark is found for partition __consumer_offsets-13 (kafka.cluster.Partition)
[2025-12-05 20:00:49,840] INFO [Partition __consumer_offsets-13 broker=1] Log loaded for partition __consumer_offsets-13 with initial high watermark 0 (kafka.cluster.Partition)
[2025-12-05 20:00:49,860] INFO [LogLoader partition=__consumer_offsets-46, dir=/tmp/kraft-combined-logs] Loading producer state till offset 0 (org.apache.kafka.storage.internals.log.UnifiedLog)
[2025-12-05 20:00:49,860] INFO Created log for partition __consumer_offsets-46 in /tmp/kraft-combined-logs/__consumer_offsets-46 with properties {cleanup.policy=compact, compression.type="producer", segment.bytes=104857600} (kafka.log.LogManager)
[2025-12-05 20:00:49,861] INFO [Partition __consumer_offsets-46 broker=1] No checkpointed highwatermark is found for partition __consumer_offsets-46 (kafka.cluster.Partition)
[2025-12-05 20:00:49,861] INFO [Partition __consumer_offsets-46 broker=1] Log loaded for partition __consumer_offsets-46 with initial high watermark 0 (kafka.cluster.Partition)
[2025-12-05 20:00:49,881] INFO [LogLoader partition=__consumer_offsets-9, dir=/tmp/kraft-combined-logs] Loading producer state till offset 0 (org.apache.kafka.storage.internals.log.UnifiedLog)
[2025-12-05 20:00:49,882] INFO Created log for partition __consumer_offsets-9 in /tmp/kraft-combined-logs/__consumer_offsets-9 with properties {cleanup.policy=compact, compression.type="producer", segment.bytes=104857600} (kafka.log.LogManager)
[2025-12-05 20:00:49,882] INFO [Partition __consumer_offsets-9 broker=1] No checkpointed highwatermark is found for partition __consumer_offsets-9 (kafka.cluster.Partition)
[2025-12-05 20:00:49,882] INFO [Partition __consumer_offsets-9 broker=1] Log loaded for partition __consumer_offsets-9 with initial high watermark 0 (kafka.cluster.Partition)
[2025-12-05 20:00:49,903] INFO [LogLoader partition=__consumer_offsets-42, dir=/tmp/kraft-combined-logs] Loading producer state till offset 0 (org.apache.kafka.storage.internals.log.UnifiedLog)
[2025-12-05 20:00:49,903] INFO Created log for partition __consumer_offsets-42 in /tmp/kraft-combined-logs/__consumer_offsets-42 with properties {cleanup.policy=compact, compression.type="producer", segment.bytes=104857600} (kafka.log.LogManager)
[2025-12-05 20:00:49,904] INFO [Partition __consumer_offsets-42 broker=1] No checkpointed highwatermark is found for partition __consumer_offsets-42 (kafka.cluster.Partition)
[2025-12-05 20:00:49,904] INFO [Partition __consumer_offsets-42 broker=1] Log loaded for partition __consumer_offsets-42 with initial high watermark 0 (kafka.cluster.Partition)
[2025-12-05 20:00:49,924] INFO [LogLoader partition=__consumer_offsets-21, dir=/tmp/kraft-combined-logs] Loading producer state till offset 0 (org.apache.kafka.storage.internals.log.UnifiedLog)
[2025-12-05 20:00:49,925] INFO Created log for partition __consumer_offsets-21 in /tmp/kraft-combined-logs/__consumer_offsets-21 with properties {cleanup.policy=compact, compression.type="producer", segment.bytes=104857600} (kafka.log.LogManager)
[2025-12-05 20:00:49,925] INFO [Partition __consumer_offsets-21 broker=1] No checkpointed highwatermark is found for partition __consumer_offsets-21 (kafka.cluster.Partition)
[2025-12-05 20:00:49,925] INFO [Partition __consumer_offsets-21 broker=1] Log loaded for partition __consumer_offsets-21 with initial high watermark 0 (kafka.cluster.Partition)
[2025-12-05 20:00:49,946] INFO [LogLoader partition=__consumer_offsets-17, dir=/tmp/kraft-combined-logs] Loading producer state till offset 0 (org.apache.kafka.storage.internals.log.UnifiedLog)
[2025-12-05 20:00:49,946] INFO Created log for partition __consumer_offsets-17 in /tmp/kraft-combined-logs/__consumer_offsets-17 with properties {cleanup.policy=compact, compression.type="producer", segment.bytes=104857600} (kafka.log.LogManager)
[2025-12-05 20:00:49,947] INFO [Partition __consumer_offsets-17 broker=1] No checkpointed highwatermark is found for partition __consumer_offsets-17 (kafka.cluster.Partition)
[2025-12-05 20:00:49,947] INFO [Partition __consumer_offsets-17 broker=1] Log loaded for partition __consumer_offsets-17 with initial high watermark 0 (kafka.cluster.Partition)
[2025-12-05 20:00:49,968] INFO [LogLoader partition=__consumer_offsets-30, dir=/tmp/kraft-combined-logs] Loading producer state till offset 0 (org.apache.kafka.storage.internals.log.UnifiedLog)
[2025-12-05 20:00:49,968] INFO Created log for partition __consumer_offsets-30 in /tmp/kraft-combined-logs/__consumer_offsets-30 with properties {cleanup.policy=compact, compression.type="producer", segment.bytes=104857600} (kafka.log.LogManager)
[2025-12-05 20:00:49,968] INFO [Partition __consumer_offsets-30 broker=1] No checkpointed highwatermark is found for partition __consumer_offsets-30 (kafka.cluster.Partition)
[2025-12-05 20:00:49,969] INFO [Partition __consumer_offsets-30 broker=1] Log loaded for partition __consumer_offsets-30 with initial high watermark 0 (kafka.cluster.Partition)
[2025-12-05 20:00:49,989] INFO [LogLoader partition=__consumer_offsets-26, dir=/tmp/kraft-combined-logs] Loading producer state till offset 0 (org.apache.kafka.storage.internals.log.UnifiedLog)
[2025-12-05 20:00:49,990] INFO Created log for partition __consumer_offsets-26 in /tmp/kraft-combined-logs/__consumer_offsets-26 with properties {cleanup.policy=compact, compression.type="producer", segment.bytes=104857600} (kafka.log.LogManager)
[2025-12-05 20:00:49,990] INFO [Partition __consumer_offsets-26 broker=1] No checkpointed highwatermark is found for partition __consumer_offsets-26 (kafka.cluster.Partition)
[2025-12-05 20:00:49,991] INFO [Partition __consumer_offsets-26 broker=1] Log loaded for partition __consumer_offsets-26 with initial high watermark 0 (kafka.cluster.Partition)
[2025-12-05 20:00:50,014] INFO [LogLoader partition=__consumer_offsets-5, dir=/tmp/kraft-combined-logs] Loading producer state till offset 0 (org.apache.kafka.storage.internals.log.UnifiedLog)
[2025-12-05 20:00:50,014] INFO Created log for partition __consumer_offsets-5 in /tmp/kraft-combined-logs/__consumer_offsets-5 with properties {cleanup.policy=compact, compression.type="producer", segment.bytes=104857600} (kafka.log.LogManager)
[2025-12-05 20:00:50,015] INFO [Partition __consumer_offsets-5 broker=1] No checkpointed highwatermark is found for partition __consumer_offsets-5 (kafka.cluster.Partition)
[2025-12-05 20:00:50,015] INFO [Partition __consumer_offsets-5 broker=1] Log loaded for partition __consumer_offsets-5 with initial high watermark 0 (kafka.cluster.Partition)
[2025-12-05 20:00:50,036] INFO [LogLoader partition=__consumer_offsets-38, dir=/tmp/kraft-combined-logs] Loading producer state till offset 0 (org.apache.kafka.storage.internals.log.UnifiedLog)
[2025-12-05 20:00:50,037] INFO Created log for partition __consumer_offsets-38 in /tmp/kraft-combined-logs/__consumer_offsets-38 with properties {cleanup.policy=compact, compression.type="producer", segment.bytes=104857600} (kafka.log.LogManager)
[2025-12-05 20:00:50,037] INFO [Partition __consumer_offsets-38 broker=1] No checkpointed highwatermark is found for partition __consumer_offsets-38 (kafka.cluster.Partition)
[2025-12-05 20:00:50,037] INFO [Partition __consumer_offsets-38 broker=1] Log loaded for partition __consumer_offsets-38 with initial high watermark 0 (kafka.cluster.Partition)
[2025-12-05 20:00:50,058] INFO [LogLoader partition=__consumer_offsets-1, dir=/tmp/kraft-combined-logs] Loading producer state till offset 0 (org.apache.kafka.storage.internals.log.UnifiedLog)
[2025-12-05 20:00:50,059] INFO Created log for partition __consumer_offsets-1 in /tmp/kraft-combined-logs/__consumer_offsets-1 with properties {cleanup.policy=compact, compression.type="producer", segment.bytes=104857600} (kafka.log.LogManager)
[2025-12-05 20:00:50,059] INFO [Partition __consumer_offsets-1 broker=1] No checkpointed highwatermark is found for partition __consumer_offsets-1 (kafka.cluster.Partition)
[2025-12-05 20:00:50,059] INFO [Partition __consumer_offsets-1 broker=1] Log loaded for partition __consumer_offsets-1 with initial high watermark 0 (kafka.cluster.Partition)
[2025-12-05 20:00:50,081] INFO [LogLoader partition=__consumer_offsets-34, dir=/tmp/kraft-combined-logs] Loading producer state till offset 0 (org.apache.kafka.storage.internals.log.UnifiedLog)
[2025-12-05 20:00:50,082] INFO Created log for partition __consumer_offsets-34 in /tmp/kraft-combined-logs/__consumer_offsets-34 with properties {cleanup.policy=compact, compression.type="producer", segment.bytes=104857600} (kafka.log.LogManager)
[2025-12-05 20:00:50,082] INFO [Partition __consumer_offsets-34 broker=1] No checkpointed highwatermark is found for partition __consumer_offsets-34 (kafka.cluster.Partition)
[2025-12-05 20:00:50,082] INFO [Partition __consumer_offsets-34 broker=1] Log loaded for partition __consumer_offsets-34 with initial high watermark 0 (kafka.cluster.Partition)
[2025-12-05 20:00:50,102] INFO [LogLoader partition=__consumer_offsets-16, dir=/tmp/kraft-combined-logs] Loading producer state till offset 0 (org.apache.kafka.storage.internals.log.UnifiedLog)
[2025-12-05 20:00:50,103] INFO Created log for partition __consumer_offsets-16 in /tmp/kraft-combined-logs/__consumer_offsets-16 with properties {cleanup.policy=compact, compression.type="producer", segment.bytes=104857600} (kafka.log.LogManager)
[2025-12-05 20:00:50,103] INFO [Partition __consumer_offsets-16 broker=1] No checkpointed highwatermark is found for partition __consumer_offsets-16 (kafka.cluster.Partition)
[2025-12-05 20:00:50,103] INFO [Partition __consumer_offsets-16 broker=1] Log loaded for partition __consumer_offsets-16 with initial high watermark 0 (kafka.cluster.Partition)
[2025-12-05 20:00:50,123] INFO [LogLoader partition=__consumer_offsets-45, dir=/tmp/kraft-combined-logs] Loading producer state till offset 0 (org.apache.kafka.storage.internals.log.UnifiedLog)
[2025-12-05 20:00:50,124] INFO Created log for partition __consumer_offsets-45 in /tmp/kraft-combined-logs/__consumer_offsets-45 with properties {cleanup.policy=compact, compression.type="producer", segment.bytes=104857600} (kafka.log.LogManager)
[2025-12-05 20:00:50,124] INFO [Partition __consumer_offsets-45 broker=1] No checkpointed highwatermark is found for partition __consumer_offsets-45 (kafka.cluster.Partition)
[2025-12-05 20:00:50,125] INFO [Partition __consumer_offsets-45 broker=1] Log loaded for partition __consumer_offsets-45 with initial high watermark 0 (kafka.cluster.Partition)
[2025-12-05 20:00:50,145] INFO [LogLoader partition=__consumer_offsets-12, dir=/tmp/kraft-combined-logs] Loading producer state till offset 0 (org.apache.kafka.storage.internals.log.UnifiedLog)
[2025-12-05 20:00:50,146] INFO Created log for partition __consumer_offsets-12 in /tmp/kraft-combined-logs/__consumer_offsets-12 with properties {cleanup.policy=compact, compression.type="producer", segment.bytes=104857600} (kafka.log.LogManager)
[2025-12-05 20:00:50,146] INFO [Partition __consumer_offsets-12 broker=1] No checkpointed highwatermark is found for partition __consumer_offsets-12 (kafka.cluster.Partition)
[2025-12-05 20:00:50,146] INFO [Partition __consumer_offsets-12 broker=1] Log loaded for partition __consumer_offsets-12 with initial high watermark 0 (kafka.cluster.Partition)
[2025-12-05 20:00:50,169] INFO [LogLoader partition=__consumer_offsets-41, dir=/tmp/kraft-combined-logs] Loading producer state till offset 0 (org.apache.kafka.storage.internals.log.UnifiedLog)
[2025-12-05 20:00:50,170] INFO Created log for partition __consumer_offsets-41 in /tmp/kraft-combined-logs/__consumer_offsets-41 with properties {cleanup.policy=compact, compression.type="producer", segment.bytes=104857600} (kafka.log.LogManager)
[2025-12-05 20:00:50,170] INFO [Partition __consumer_offsets-41 broker=1] No checkpointed highwatermark is found for partition __consumer_offsets-41 (kafka.cluster.Partition)
[2025-12-05 20:00:50,170] INFO [Partition __consumer_offsets-41 broker=1] Log loaded for partition __consumer_offsets-41 with initial high watermark 0 (kafka.cluster.Partition)
[2025-12-05 20:00:50,190] INFO [LogLoader partition=__consumer_offsets-24, dir=/tmp/kraft-combined-logs] Loading producer state till offset 0 (org.apache.kafka.storage.internals.log.UnifiedLog)
[2025-12-05 20:00:50,190] INFO Created log for partition __consumer_offsets-24 in /tmp/kraft-combined-logs/__consumer_offsets-24 with properties {cleanup.policy=compact, compression.type="producer", segment.bytes=104857600} (kafka.log.LogManager)
[2025-12-05 20:00:50,191] INFO [Partition __consumer_offsets-24 broker=1] No checkpointed highwatermark is found for partition __consumer_offsets-24 (kafka.cluster.Partition)
[2025-12-05 20:00:50,191] INFO [Partition __consumer_offsets-24 broker=1] Log loaded for partition __consumer_offsets-24 with initial high watermark 0 (kafka.cluster.Partition)
[2025-12-05 20:00:50,210] INFO [LogLoader partition=__consumer_offsets-20, dir=/tmp/kraft-combined-logs] Loading producer state till offset 0 (org.apache.kafka.storage.internals.log.UnifiedLog)
[2025-12-05 20:00:50,211] INFO Created log for partition __consumer_offsets-20 in /tmp/kraft-combined-logs/__consumer_offsets-20 with properties {cleanup.policy=compact, compression.type="producer", segment.bytes=104857600} (kafka.log.LogManager)
[2025-12-05 20:00:50,211] INFO [Partition __consumer_offsets-20 broker=1] No checkpointed highwatermark is found for partition __consumer_offsets-20 (kafka.cluster.Partition)
[2025-12-05 20:00:50,211] INFO [Partition __consumer_offsets-20 broker=1] Log loaded for partition __consumer_offsets-20 with initial high watermark 0 (kafka.cluster.Partition)
[2025-12-05 20:00:50,232] INFO [LogLoader partition=__consumer_offsets-49, dir=/tmp/kraft-combined-logs] Loading producer state till offset 0 (org.apache.kafka.storage.internals.log.UnifiedLog)
[2025-12-05 20:00:50,232] INFO Created log for partition __consumer_offsets-49 in /tmp/kraft-combined-logs/__consumer_offsets-49 with properties {cleanup.policy=compact, compression.type="producer", segment.bytes=104857600} (kafka.log.LogManager)
[2025-12-05 20:00:50,233] INFO [Partition __consumer_offsets-49 broker=1] No checkpointed highwatermark is found for partition __consumer_offsets-49 (kafka.cluster.Partition)
[2025-12-05 20:00:50,233] INFO [Partition __consumer_offsets-49 broker=1] Log loaded for partition __consumer_offsets-49 with initial high watermark 0 (kafka.cluster.Partition)
[2025-12-05 20:00:50,255] INFO [LogLoader partition=__consumer_offsets-0, dir=/tmp/kraft-combined-logs] Loading producer state till offset 0 (org.apache.kafka.storage.internals.log.UnifiedLog)
[2025-12-05 20:00:50,255] INFO Created log for partition __consumer_offsets-0 in /tmp/kraft-combined-logs/__consumer_offsets-0 with properties {cleanup.policy=compact, compression.type="producer", segment.bytes=104857600} (kafka.log.LogManager)
[2025-12-05 20:00:50,255] INFO [Partition __consumer_offsets-0 broker=1] No checkpointed highwatermark is found for partition __consumer_offsets-0 (kafka.cluster.Partition)
[2025-12-05 20:00:50,255] INFO [Partition __consumer_offsets-0 broker=1] Log loaded for partition __consumer_offsets-0 with initial high watermark 0 (kafka.cluster.Partition)
[2025-12-05 20:00:50,275] INFO [LogLoader partition=__consumer_offsets-29, dir=/tmp/kraft-combined-logs] Loading producer state till offset 0 (org.apache.kafka.storage.internals.log.UnifiedLog)
[2025-12-05 20:00:50,276] INFO Created log for partition __consumer_offsets-29 in /tmp/kraft-combined-logs/__consumer_offsets-29 with properties {cleanup.policy=compact, compression.type="producer", segment.bytes=104857600} (kafka.log.LogManager)
[2025-12-05 20:00:50,276] INFO [Partition __consumer_offsets-29 broker=1] No checkpointed highwatermark is found for partition __consumer_offsets-29 (kafka.cluster.Partition)
[2025-12-05 20:00:50,276] INFO [Partition __consumer_offsets-29 broker=1] Log loaded for partition __consumer_offsets-29 with initial high watermark 0 (kafka.cluster.Partition)
[2025-12-05 20:00:50,296] INFO [LogLoader partition=__consumer_offsets-25, dir=/tmp/kraft-combined-logs] Loading producer state till offset 0 (org.apache.kafka.storage.internals.log.UnifiedLog)
[2025-12-05 20:00:50,297] INFO Created log for partition __consumer_offsets-25 in /tmp/kraft-combined-logs/__consumer_offsets-25 with properties {cleanup.policy=compact, compression.type="producer", segment.bytes=104857600} (kafka.log.LogManager)
[2025-12-05 20:00:50,297] INFO [Partition __consumer_offsets-25 broker=1] No checkpointed highwatermark is found for partition __consumer_offsets-25 (kafka.cluster.Partition)
[2025-12-05 20:00:50,297] INFO [Partition __consumer_offsets-25 broker=1] Log loaded for partition __consumer_offsets-25 with initial high watermark 0 (kafka.cluster.Partition)
[2025-12-05 20:00:50,318] INFO [LogLoader partition=__consumer_offsets-8, dir=/tmp/kraft-combined-logs] Loading producer state till offset 0 (org.apache.kafka.storage.internals.log.UnifiedLog)
[2025-12-05 20:00:50,319] INFO Created log for partition __consumer_offsets-8 in /tmp/kraft-combined-logs/__consumer_offsets-8 with properties {cleanup.policy=compact, compression.type="producer", segment.bytes=104857600} (kafka.log.LogManager)
[2025-12-05 20:00:50,319] INFO [Partition __consumer_offsets-8 broker=1] No checkpointed highwatermark is found for partition __consumer_offsets-8 (kafka.cluster.Partition)
[2025-12-05 20:00:50,319] INFO [Partition __consumer_offsets-8 broker=1] Log loaded for partition __consumer_offsets-8 with initial high watermark 0 (kafka.cluster.Partition)
[2025-12-05 20:00:50,342] INFO [LogLoader partition=__consumer_offsets-37, dir=/tmp/kraft-combined-logs] Loading producer state till offset 0 (org.apache.kafka.storage.internals.log.UnifiedLog)
[2025-12-05 20:00:50,343] INFO Created log for partition __consumer_offsets-37 in /tmp/kraft-combined-logs/__consumer_offsets-37 with properties {cleanup.policy=compact, compression.type="producer", segment.bytes=104857600} (kafka.log.LogManager)
[2025-12-05 20:00:50,343] INFO [Partition __consumer_offsets-37 broker=1] No checkpointed highwatermark is found for partition __consumer_offsets-37 (kafka.cluster.Partition)
[2025-12-05 20:00:50,343] INFO [Partition __consumer_offsets-37 broker=1] Log loaded for partition __consumer_offsets-37 with initial high watermark 0 (kafka.cluster.Partition)
[2025-12-05 20:00:50,364] INFO [LogLoader partition=__consumer_offsets-4, dir=/tmp/kraft-combined-logs] Loading producer state till offset 0 (org.apache.kafka.storage.internals.log.UnifiedLog)
[2025-12-05 20:00:50,364] INFO Created log for partition __consumer_offsets-4 in /tmp/kraft-combined-logs/__consumer_offsets-4 with properties {cleanup.policy=compact, compression.type="producer", segment.bytes=104857600} (kafka.log.LogManager)
[2025-12-05 20:00:50,364] INFO [Partition __consumer_offsets-4 broker=1] No checkpointed highwatermark is found for partition __consumer_offsets-4 (kafka.cluster.Partition)
[2025-12-05 20:00:50,364] INFO [Partition __consumer_offsets-4 broker=1] Log loaded for partition __consumer_offsets-4 with initial high watermark 0 (kafka.cluster.Partition)
[2025-12-05 20:00:50,384] INFO [LogLoader partition=__consumer_offsets-33, dir=/tmp/kraft-combined-logs] Loading producer state till offset 0 (org.apache.kafka.storage.internals.log.UnifiedLog)
[2025-12-05 20:00:50,385] INFO Created log for partition __consumer_offsets-33 in /tmp/kraft-combined-logs/__consumer_offsets-33 with properties {cleanup.policy=compact, compression.type="producer", segment.bytes=104857600} (kafka.log.LogManager)
[2025-12-05 20:00:50,385] INFO [Partition __consumer_offsets-33 broker=1] No checkpointed highwatermark is found for partition __consumer_offsets-33 (kafka.cluster.Partition)
[2025-12-05 20:00:50,385] INFO [Partition __consumer_offsets-33 broker=1] Log loaded for partition __consumer_offsets-33 with initial high watermark 0 (kafka.cluster.Partition)
[2025-12-05 20:00:50,405] INFO [LogLoader partition=__consumer_offsets-15, dir=/tmp/kraft-combined-logs] Loading producer state till offset 0 (org.apache.kafka.storage.internals.log.UnifiedLog)
[2025-12-05 20:00:50,406] INFO Created log for partition __consumer_offsets-15 in /tmp/kraft-combined-logs/__consumer_offsets-15 with properties {cleanup.policy=compact, compression.type="producer", segment.bytes=104857600} (kafka.log.LogManager)
[2025-12-05 20:00:50,406] INFO [Partition __consumer_offsets-15 broker=1] No checkpointed highwatermark is found for partition __consumer_offsets-15 (kafka.cluster.Partition)
[2025-12-05 20:00:50,406] INFO [Partition __consumer_offsets-15 broker=1] Log loaded for partition __consumer_offsets-15 with initial high watermark 0 (kafka.cluster.Partition)
[2025-12-05 20:00:50,427] INFO [LogLoader partition=__consumer_offsets-48, dir=/tmp/kraft-combined-logs] Loading producer state till offset 0 (org.apache.kafka.storage.internals.log.UnifiedLog)
[2025-12-05 20:00:50,427] INFO Created log for partition __consumer_offsets-48 in /tmp/kraft-combined-logs/__consumer_offsets-48 with properties {cleanup.policy=compact, compression.type="producer", segment.bytes=104857600} (kafka.log.LogManager)
[2025-12-05 20:00:50,427] INFO [Partition __consumer_offsets-48 broker=1] No checkpointed highwatermark is found for partition __consumer_offsets-48 (kafka.cluster.Partition)
[2025-12-05 20:00:50,428] INFO [Partition __consumer_offsets-48 broker=1] Log loaded for partition __consumer_offsets-48 with initial high watermark 0 (kafka.cluster.Partition)
[2025-12-05 20:00:50,448] INFO [LogLoader partition=__consumer_offsets-11, dir=/tmp/kraft-combined-logs] Loading producer state till offset 0 (org.apache.kafka.storage.internals.log.UnifiedLog)
[2025-12-05 20:00:50,448] INFO Created log for partition __consumer_offsets-11 in /tmp/kraft-combined-logs/__consumer_offsets-11 with properties {cleanup.policy=compact, compression.type="producer", segment.bytes=104857600} (kafka.log.LogManager)
[2025-12-05 20:00:50,448] INFO [Partition __consumer_offsets-11 broker=1] No checkpointed highwatermark is found for partition __consumer_offsets-11 (kafka.cluster.Partition)
[2025-12-05 20:00:50,448] INFO [Partition __consumer_offsets-11 broker=1] Log loaded for partition __consumer_offsets-11 with initial high watermark 0 (kafka.cluster.Partition)
[2025-12-05 20:00:50,468] INFO [LogLoader partition=__consumer_offsets-44, dir=/tmp/kraft-combined-logs] Loading producer state till offset 0 (org.apache.kafka.storage.internals.log.UnifiedLog)
[2025-12-05 20:00:50,469] INFO Created log for partition __consumer_offsets-44 in /tmp/kraft-combined-logs/__consumer_offsets-44 with properties {cleanup.policy=compact, compression.type="producer", segment.bytes=104857600} (kafka.log.LogManager)
[2025-12-05 20:00:50,469] INFO [Partition __consumer_offsets-44 broker=1] No checkpointed highwatermark is found for partition __consumer_offsets-44 (kafka.cluster.Partition)
[2025-12-05 20:00:50,469] INFO [Partition __consumer_offsets-44 broker=1] Log loaded for partition __consumer_offsets-44 with initial high watermark 0 (kafka.cluster.Partition)
[2025-12-05 20:00:50,489] INFO [LogLoader partition=__consumer_offsets-23, dir=/tmp/kraft-combined-logs] Loading producer state till offset 0 (org.apache.kafka.storage.internals.log.UnifiedLog)
[2025-12-05 20:00:50,490] INFO Created log for partition __consumer_offsets-23 in /tmp/kraft-combined-logs/__consumer_offsets-23 with properties {cleanup.policy=compact, compression.type="producer", segment.bytes=104857600} (kafka.log.LogManager)
[2025-12-05 20:00:50,490] INFO [Partition __consumer_offsets-23 broker=1] No checkpointed highwatermark is found for partition __consumer_offsets-23 (kafka.cluster.Partition)
[2025-12-05 20:00:50,490] INFO [Partition __consumer_offsets-23 broker=1] Log loaded for partition __consumer_offsets-23 with initial high watermark 0 (kafka.cluster.Partition)
[2025-12-05 20:00:50,513] INFO [LogLoader partition=__consumer_offsets-19, dir=/tmp/kraft-combined-logs] Loading producer state till offset 0 (org.apache.kafka.storage.internals.log.UnifiedLog)
[2025-12-05 20:00:50,514] INFO Created log for partition __consumer_offsets-19 in /tmp/kraft-combined-logs/__consumer_offsets-19 with properties {cleanup.policy=compact, compression.type="producer", segment.bytes=104857600} (kafka.log.LogManager)
[2025-12-05 20:00:50,514] INFO [Partition __consumer_offsets-19 broker=1] No checkpointed highwatermark is found for partition __consumer_offsets-19 (kafka.cluster.Partition)
[2025-12-05 20:00:50,514] INFO [Partition __consumer_offsets-19 broker=1] Log loaded for partition __consumer_offsets-19 with initial high watermark 0 (kafka.cluster.Partition)
[2025-12-05 20:00:50,534] INFO [LogLoader partition=__consumer_offsets-32, dir=/tmp/kraft-combined-logs] Loading producer state till offset 0 (org.apache.kafka.storage.internals.log.UnifiedLog)
[2025-12-05 20:00:50,536] INFO Created log for partition __consumer_offsets-32 in /tmp/kraft-combined-logs/__consumer_offsets-32 with properties {cleanup.policy=compact, compression.type="producer", segment.bytes=104857600} (kafka.log.LogManager)
[2025-12-05 20:00:50,536] INFO [Partition __consumer_offsets-32 broker=1] No checkpointed highwatermark is found for partition __consumer_offsets-32 (kafka.cluster.Partition)
[2025-12-05 20:00:50,536] INFO [Partition __consumer_offsets-32 broker=1] Log loaded for partition __consumer_offsets-32 with initial high watermark 0 (kafka.cluster.Partition)
[2025-12-05 20:00:50,556] INFO [LogLoader partition=__consumer_offsets-28, dir=/tmp/kraft-combined-logs] Loading producer state till offset 0 (org.apache.kafka.storage.internals.log.UnifiedLog)
[2025-12-05 20:00:50,556] INFO Created log for partition __consumer_offsets-28 in /tmp/kraft-combined-logs/__consumer_offsets-28 with properties {cleanup.policy=compact, compression.type="producer", segment.bytes=104857600} (kafka.log.LogManager)
[2025-12-05 20:00:50,556] INFO [Partition __consumer_offsets-28 broker=1] No checkpointed highwatermark is found for partition __consumer_offsets-28 (kafka.cluster.Partition)
[2025-12-05 20:00:50,556] INFO [Partition __consumer_offsets-28 broker=1] Log loaded for partition __consumer_offsets-28 with initial high watermark 0 (kafka.cluster.Partition)
[2025-12-05 20:00:50,582] INFO [LogLoader partition=__consumer_offsets-7, dir=/tmp/kraft-combined-logs] Loading producer state till offset 0 (org.apache.kafka.storage.internals.log.UnifiedLog)
[2025-12-05 20:00:50,582] INFO Created log for partition __consumer_offsets-7 in /tmp/kraft-combined-logs/__consumer_offsets-7 with properties {cleanup.policy=compact, compression.type="producer", segment.bytes=104857600} (kafka.log.LogManager)
[2025-12-05 20:00:50,582] INFO [Partition __consumer_offsets-7 broker=1] No checkpointed highwatermark is found for partition __consumer_offsets-7 (kafka.cluster.Partition)
[2025-12-05 20:00:50,582] INFO [Partition __consumer_offsets-7 broker=1] Log loaded for partition __consumer_offsets-7 with initial high watermark 0 (kafka.cluster.Partition)
[2025-12-05 20:00:50,602] INFO [LogLoader partition=__consumer_offsets-40, dir=/tmp/kraft-combined-logs] Loading producer state till offset 0 (org.apache.kafka.storage.internals.log.UnifiedLog)
[2025-12-05 20:00:50,602] INFO Created log for partition __consumer_offsets-40 in /tmp/kraft-combined-logs/__consumer_offsets-40 with properties {cleanup.policy=compact, compression.type="producer", segment.bytes=104857600} (kafka.log.LogManager)
[2025-12-05 20:00:50,602] INFO [Partition __consumer_offsets-40 broker=1] No checkpointed highwatermark is found for partition __consumer_offsets-40 (kafka.cluster.Partition)
[2025-12-05 20:00:50,603] INFO [Partition __consumer_offsets-40 broker=1] Log loaded for partition __consumer_offsets-40 with initial high watermark 0 (kafka.cluster.Partition)
[2025-12-05 20:00:50,623] INFO [LogLoader partition=__consumer_offsets-3, dir=/tmp/kraft-combined-logs] Loading producer state till offset 0 (org.apache.kafka.storage.internals.log.UnifiedLog)
[2025-12-05 20:00:50,623] INFO Created log for partition __consumer_offsets-3 in /tmp/kraft-combined-logs/__consumer_offsets-3 with properties {cleanup.policy=compact, compression.type="producer", segment.bytes=104857600} (kafka.log.LogManager)
[2025-12-05 20:00:50,623] INFO [Partition __consumer_offsets-3 broker=1] No checkpointed highwatermark is found for partition __consumer_offsets-3 (kafka.cluster.Partition)
[2025-12-05 20:00:50,624] INFO [Partition __consumer_offsets-3 broker=1] Log loaded for partition __consumer_offsets-3 with initial high watermark 0 (kafka.cluster.Partition)
[2025-12-05 20:00:50,644] INFO [LogLoader partition=__consumer_offsets-36, dir=/tmp/kraft-combined-logs] Loading producer state till offset 0 (org.apache.kafka.storage.internals.log.UnifiedLog)
[2025-12-05 20:00:50,644] INFO Created log for partition __consumer_offsets-36 in /tmp/kraft-combined-logs/__consumer_offsets-36 with properties {cleanup.policy=compact, compression.type="producer", segment.bytes=104857600} (kafka.log.LogManager)
[2025-12-05 20:00:50,644] INFO [Partition __consumer_offsets-36 broker=1] No checkpointed highwatermark is found for partition __consumer_offsets-36 (kafka.cluster.Partition)
[2025-12-05 20:00:50,644] INFO [Partition __consumer_offsets-36 broker=1] Log loaded for partition __consumer_offsets-36 with initial high watermark 0 (kafka.cluster.Partition)
[2025-12-05 20:00:50,664] INFO [LogLoader partition=__consumer_offsets-47, dir=/tmp/kraft-combined-logs] Loading producer state till offset 0 (org.apache.kafka.storage.internals.log.UnifiedLog)
[2025-12-05 20:00:50,665] INFO Created log for partition __consumer_offsets-47 in /tmp/kraft-combined-logs/__consumer_offsets-47 with properties {cleanup.policy=compact, compression.type="producer", segment.bytes=104857600} (kafka.log.LogManager)
[2025-12-05 20:00:50,665] INFO [Partition __consumer_offsets-47 broker=1] No checkpointed highwatermark is found for partition __consumer_offsets-47 (kafka.cluster.Partition)
[2025-12-05 20:00:50,665] INFO [Partition __consumer_offsets-47 broker=1] Log loaded for partition __consumer_offsets-47 with initial high watermark 0 (kafka.cluster.Partition)
[2025-12-05 20:00:50,688] INFO [LogLoader partition=__consumer_offsets-14, dir=/tmp/kraft-combined-logs] Loading producer state till offset 0 (org.apache.kafka.storage.internals.log.UnifiedLog)
[2025-12-05 20:00:50,689] INFO Created log for partition __consumer_offsets-14 in /tmp/kraft-combined-logs/__consumer_offsets-14 with properties {cleanup.policy=compact, compression.type="producer", segment.bytes=104857600} (kafka.log.LogManager)
[2025-12-05 20:00:50,689] INFO [Partition __consumer_offsets-14 broker=1] No checkpointed highwatermark is found for partition __consumer_offsets-14 (kafka.cluster.Partition)
[2025-12-05 20:00:50,689] INFO [Partition __consumer_offsets-14 broker=1] Log loaded for partition __consumer_offsets-14 with initial high watermark 0 (kafka.cluster.Partition)
[2025-12-05 20:00:50,709] INFO [LogLoader partition=__consumer_offsets-43, dir=/tmp/kraft-combined-logs] Loading producer state till offset 0 (org.apache.kafka.storage.internals.log.UnifiedLog)
[2025-12-05 20:00:50,710] INFO Created log for partition __consumer_offsets-43 in /tmp/kraft-combined-logs/__consumer_offsets-43 with properties {cleanup.policy=compact, compression.type="producer", segment.bytes=104857600} (kafka.log.LogManager)
[2025-12-05 20:00:50,710] INFO [Partition __consumer_offsets-43 broker=1] No checkpointed highwatermark is found for partition __consumer_offsets-43 (kafka.cluster.Partition)
[2025-12-05 20:00:50,710] INFO [Partition __consumer_offsets-43 broker=1] Log loaded for partition __consumer_offsets-43 with initial high watermark 0 (kafka.cluster.Partition)
[2025-12-05 20:00:50,731] INFO [LogLoader partition=__consumer_offsets-10, dir=/tmp/kraft-combined-logs] Loading producer state till offset 0 (org.apache.kafka.storage.internals.log.UnifiedLog)
[2025-12-05 20:00:50,731] INFO Created log for partition __consumer_offsets-10 in /tmp/kraft-combined-logs/__consumer_offsets-10 with properties {cleanup.policy=compact, compression.type="producer", segment.bytes=104857600} (kafka.log.LogManager)
[2025-12-05 20:00:50,732] INFO [Partition __consumer_offsets-10 broker=1] No checkpointed highwatermark is found for partition __consumer_offsets-10 (kafka.cluster.Partition)
[2025-12-05 20:00:50,732] INFO [Partition __consumer_offsets-10 broker=1] Log loaded for partition __consumer_offsets-10 with initial high watermark 0 (kafka.cluster.Partition)
[2025-12-05 20:00:50,751] INFO [LogLoader partition=__consumer_offsets-22, dir=/tmp/kraft-combined-logs] Loading producer state till offset 0 (org.apache.kafka.storage.internals.log.UnifiedLog)
[2025-12-05 20:00:50,752] INFO Created log for partition __consumer_offsets-22 in /tmp/kraft-combined-logs/__consumer_offsets-22 with properties {cleanup.policy=compact, compression.type="producer", segment.bytes=104857600} (kafka.log.LogManager)
[2025-12-05 20:00:50,752] INFO [Partition __consumer_offsets-22 broker=1] No checkpointed highwatermark is found for partition __consumer_offsets-22 (kafka.cluster.Partition)
[2025-12-05 20:00:50,752] INFO [Partition __consumer_offsets-22 broker=1] Log loaded for partition __consumer_offsets-22 with initial high watermark 0 (kafka.cluster.Partition)
[2025-12-05 20:00:50,778] INFO [LogLoader partition=__consumer_offsets-18, dir=/tmp/kraft-combined-logs] Loading producer state till offset 0 (org.apache.kafka.storage.internals.log.UnifiedLog)
[2025-12-05 20:00:50,779] INFO Created log for partition __consumer_offsets-18 in /tmp/kraft-combined-logs/__consumer_offsets-18 with properties {cleanup.policy=compact, compression.type="producer", segment.bytes=104857600} (kafka.log.LogManager)
[2025-12-05 20:00:50,779] INFO [Partition __consumer_offsets-18 broker=1] No checkpointed highwatermark is found for partition __consumer_offsets-18 (kafka.cluster.Partition)
[2025-12-05 20:00:50,779] INFO [Partition __consumer_offsets-18 broker=1] Log loaded for partition __consumer_offsets-18 with initial high watermark 0 (kafka.cluster.Partition)
[2025-12-05 20:00:50,799] INFO [LogLoader partition=__consumer_offsets-31, dir=/tmp/kraft-combined-logs] Loading producer state till offset 0 (org.apache.kafka.storage.internals.log.UnifiedLog)
[2025-12-05 20:00:50,799] INFO Created log for partition __consumer_offsets-31 in /tmp/kraft-combined-logs/__consumer_offsets-31 with properties {cleanup.policy=compact, compression.type="producer", segment.bytes=104857600} (kafka.log.LogManager)
[2025-12-05 20:00:50,800] INFO [Partition __consumer_offsets-31 broker=1] No checkpointed highwatermark is found for partition __consumer_offsets-31 (kafka.cluster.Partition)
[2025-12-05 20:00:50,800] INFO [Partition __consumer_offsets-31 broker=1] Log loaded for partition __consumer_offsets-31 with initial high watermark 0 (kafka.cluster.Partition)
[2025-12-05 20:00:50,820] INFO [LogLoader partition=__consumer_offsets-27, dir=/tmp/kraft-combined-logs] Loading producer state till offset 0 (org.apache.kafka.storage.internals.log.UnifiedLog)
[2025-12-05 20:00:50,820] INFO Created log for partition __consumer_offsets-27 in /tmp/kraft-combined-logs/__consumer_offsets-27 with properties {cleanup.policy=compact, compression.type="producer", segment.bytes=104857600} (kafka.log.LogManager)
[2025-12-05 20:00:50,821] INFO [Partition __consumer_offsets-27 broker=1] No checkpointed highwatermark is found for partition __consumer_offsets-27 (kafka.cluster.Partition)
[2025-12-05 20:00:50,821] INFO [Partition __consumer_offsets-27 broker=1] Log loaded for partition __consumer_offsets-27 with initial high watermark 0 (kafka.cluster.Partition)
[2025-12-05 20:00:50,844] INFO [LogLoader partition=__consumer_offsets-39, dir=/tmp/kraft-combined-logs] Loading producer state till offset 0 (org.apache.kafka.storage.internals.log.UnifiedLog)
[2025-12-05 20:00:50,845] INFO Created log for partition __consumer_offsets-39 in /tmp/kraft-combined-logs/__consumer_offsets-39 with properties {cleanup.policy=compact, compression.type="producer", segment.bytes=104857600} (kafka.log.LogManager)
[2025-12-05 20:00:50,845] INFO [Partition __consumer_offsets-39 broker=1] No checkpointed highwatermark is found for partition __consumer_offsets-39 (kafka.cluster.Partition)
[2025-12-05 20:00:50,845] INFO [Partition __consumer_offsets-39 broker=1] Log loaded for partition __consumer_offsets-39 with initial high watermark 0 (kafka.cluster.Partition)
[2025-12-05 20:00:50,865] INFO [LogLoader partition=__consumer_offsets-6, dir=/tmp/kraft-combined-logs] Loading producer state till offset 0 (org.apache.kafka.storage.internals.log.UnifiedLog)
[2025-12-05 20:00:50,866] INFO Created log for partition __consumer_offsets-6 in /tmp/kraft-combined-logs/__consumer_offsets-6 with properties {cleanup.policy=compact, compression.type="producer", segment.bytes=104857600} (kafka.log.LogManager)
[2025-12-05 20:00:50,866] INFO [Partition __consumer_offsets-6 broker=1] No checkpointed highwatermark is found for partition __consumer_offsets-6 (kafka.cluster.Partition)
[2025-12-05 20:00:50,866] INFO [Partition __consumer_offsets-6 broker=1] Log loaded for partition __consumer_offsets-6 with initial high watermark 0 (kafka.cluster.Partition)
[2025-12-05 20:00:50,886] INFO [LogLoader partition=__consumer_offsets-35, dir=/tmp/kraft-combined-logs] Loading producer state till offset 0 (org.apache.kafka.storage.internals.log.UnifiedLog)
[2025-12-05 20:00:50,887] INFO Created log for partition __consumer_offsets-35 in /tmp/kraft-combined-logs/__consumer_offsets-35 with properties {cleanup.policy=compact, compression.type="producer", segment.bytes=104857600} (kafka.log.LogManager)
[2025-12-05 20:00:50,887] INFO [Partition __consumer_offsets-35 broker=1] No checkpointed highwatermark is found for partition __consumer_offsets-35 (kafka.cluster.Partition)
[2025-12-05 20:00:50,887] INFO [Partition __consumer_offsets-35 broker=1] Log loaded for partition __consumer_offsets-35 with initial high watermark 0 (kafka.cluster.Partition)
[2025-12-05 20:00:50,908] INFO [LogLoader partition=__consumer_offsets-2, dir=/tmp/kraft-combined-logs] Loading producer state till offset 0 (org.apache.kafka.storage.internals.log.UnifiedLog)
[2025-12-05 20:00:50,908] INFO Created log for partition __consumer_offsets-2 in /tmp/kraft-combined-logs/__consumer_offsets-2 with properties {cleanup.policy=compact, compression.type="producer", segment.bytes=104857600} (kafka.log.LogManager)
[2025-12-05 20:00:50,909] INFO [Partition __consumer_offsets-2 broker=1] No checkpointed highwatermark is found for partition __consumer_offsets-2 (kafka.cluster.Partition)
[2025-12-05 20:00:50,909] INFO [Partition __consumer_offsets-2 broker=1] Log loaded for partition __consumer_offsets-2 with initial high watermark 0 (kafka.cluster.Partition)
[2025-12-05 20:00:50,928] INFO [GroupCoordinator id=1] Scheduling loading of metadata from __consumer_offsets-13 with epoch 0 (org.apache.kafka.coordinator.common.runtime.CoordinatorRuntime)
[2025-12-05 20:00:50,935] INFO [GroupCoordinator id=1] Scheduling loading of metadata from __consumer_offsets-46 with epoch 0 (org.apache.kafka.coordinator.common.runtime.CoordinatorRuntime)
[2025-12-05 20:00:50,936] INFO [GroupCoordinator id=1] Scheduling loading of metadata from __consumer_offsets-9 with epoch 0 (org.apache.kafka.coordinator.common.runtime.CoordinatorRuntime)
[2025-12-05 20:00:50,936] INFO [GroupCoordinator id=1] Scheduling loading of metadata from __consumer_offsets-42 with epoch 0 (org.apache.kafka.coordinator.common.runtime.CoordinatorRuntime)
[2025-12-05 20:00:50,937] INFO [GroupCoordinator id=1] Scheduling loading of metadata from __consumer_offsets-21 with epoch 0 (org.apache.kafka.coordinator.common.runtime.CoordinatorRuntime)
[2025-12-05 20:00:50,937] INFO [GroupCoordinator id=1] Scheduling loading of metadata from __consumer_offsets-17 with epoch 0 (org.apache.kafka.coordinator.common.runtime.CoordinatorRuntime)
[2025-12-05 20:00:50,937] INFO [GroupCoordinator id=1] Scheduling loading of metadata from __consumer_offsets-30 with epoch 0 (org.apache.kafka.coordinator.common.runtime.CoordinatorRuntime)
[2025-12-05 20:00:50,937] INFO [GroupCoordinator id=1] Scheduling loading of metadata from __consumer_offsets-26 with epoch 0 (org.apache.kafka.coordinator.common.runtime.CoordinatorRuntime)
[2025-12-05 20:00:50,938] INFO [GroupCoordinator id=1] Scheduling loading of metadata from __consumer_offsets-5 with epoch 0 (org.apache.kafka.coordinator.common.runtime.CoordinatorRuntime)
[2025-12-05 20:00:50,938] INFO [GroupCoordinator id=1] Scheduling loading of metadata from __consumer_offsets-38 with epoch 0 (org.apache.kafka.coordinator.common.runtime.CoordinatorRuntime)
[2025-12-05 20:00:50,938] INFO [GroupCoordinator id=1] Scheduling loading of metadata from __consumer_offsets-1 with epoch 0 (org.apache.kafka.coordinator.common.runtime.CoordinatorRuntime)
[2025-12-05 20:00:50,938] INFO [GroupCoordinator id=1] Scheduling loading of metadata from __consumer_offsets-34 with epoch 0 (org.apache.kafka.coordinator.common.runtime.CoordinatorRuntime)
[2025-12-05 20:00:50,939] INFO [GroupCoordinator id=1] Scheduling loading of metadata from __consumer_offsets-16 with epoch 0 (org.apache.kafka.coordinator.common.runtime.CoordinatorRuntime)
[2025-12-05 20:00:50,939] INFO [GroupCoordinator id=1] Scheduling loading of metadata from __consumer_offsets-45 with epoch 0 (org.apache.kafka.coordinator.common.runtime.CoordinatorRuntime)
[2025-12-05 20:00:50,939] INFO [GroupCoordinator id=1] Scheduling loading of metadata from __consumer_offsets-12 with epoch 0 (org.apache.kafka.coordinator.common.runtime.CoordinatorRuntime)
[2025-12-05 20:00:50,940] INFO [GroupCoordinator id=1] Scheduling loading of metadata from __consumer_offsets-41 with epoch 0 (org.apache.kafka.coordinator.common.runtime.CoordinatorRuntime)
[2025-12-05 20:00:50,940] INFO [GroupCoordinator id=1] Scheduling loading of metadata from __consumer_offsets-24 with epoch 0 (org.apache.kafka.coordinator.common.runtime.CoordinatorRuntime)
[2025-12-05 20:00:50,940] INFO [GroupCoordinator id=1] Scheduling loading of metadata from __consumer_offsets-20 with epoch 0 (org.apache.kafka.coordinator.common.runtime.CoordinatorRuntime)
[2025-12-05 20:00:50,941] INFO [GroupCoordinator id=1] Scheduling loading of metadata from __consumer_offsets-49 with epoch 0 (org.apache.kafka.coordinator.common.runtime.CoordinatorRuntime)
[2025-12-05 20:00:50,941] INFO [GroupCoordinator id=1] Scheduling loading of metadata from __consumer_offsets-0 with epoch 0 (org.apache.kafka.coordinator.common.runtime.CoordinatorRuntime)
[2025-12-05 20:00:50,941] INFO [GroupCoordinator id=1] Scheduling loading of metadata from __consumer_offsets-29 with epoch 0 (org.apache.kafka.coordinator.common.runtime.CoordinatorRuntime)
[2025-12-05 20:00:50,941] INFO [GroupCoordinator id=1] Scheduling loading of metadata from __consumer_offsets-25 with epoch 0 (org.apache.kafka.coordinator.common.runtime.CoordinatorRuntime)
[2025-12-05 20:00:50,942] INFO [GroupCoordinator id=1] Scheduling loading of metadata from __consumer_offsets-8 with epoch 0 (org.apache.kafka.coordinator.common.runtime.CoordinatorRuntime)
[2025-12-05 20:00:50,942] INFO [GroupCoordinator id=1] Scheduling loading of metadata from __consumer_offsets-37 with epoch 0 (org.apache.kafka.coordinator.common.runtime.CoordinatorRuntime)
[2025-12-05 20:00:50,942] INFO [GroupCoordinator id=1] Scheduling loading of metadata from __consumer_offsets-4 with epoch 0 (org.apache.kafka.coordinator.common.runtime.CoordinatorRuntime)
[2025-12-05 20:00:50,942] INFO [GroupCoordinator id=1] Scheduling loading of metadata from __consumer_offsets-33 with epoch 0 (org.apache.kafka.coordinator.common.runtime.CoordinatorRuntime)
[2025-12-05 20:00:50,942] INFO [GroupCoordinator id=1] Scheduling loading of metadata from __consumer_offsets-15 with epoch 0 (org.apache.kafka.coordinator.common.runtime.CoordinatorRuntime)
[2025-12-05 20:00:50,943] INFO [GroupCoordinator id=1] Scheduling loading of metadata from __consumer_offsets-48 with epoch 0 (org.apache.kafka.coordinator.common.runtime.CoordinatorRuntime)
[2025-12-05 20:00:50,943] INFO [GroupCoordinator id=1] Scheduling loading of metadata from __consumer_offsets-11 with epoch 0 (org.apache.kafka.coordinator.common.runtime.CoordinatorRuntime)
[2025-12-05 20:00:50,943] INFO [GroupCoordinator id=1] Scheduling loading of metadata from __consumer_offsets-44 with epoch 0 (org.apache.kafka.coordinator.common.runtime.CoordinatorRuntime)
[2025-12-05 20:00:50,943] INFO [GroupCoordinator id=1] Scheduling loading of metadata from __consumer_offsets-23 with epoch 0 (org.apache.kafka.coordinator.common.runtime.CoordinatorRuntime)
[2025-12-05 20:00:50,943] INFO [GroupCoordinator id=1] Scheduling loading of metadata from __consumer_offsets-19 with epoch 0 (org.apache.kafka.coordinator.common.runtime.CoordinatorRuntime)
[2025-12-05 20:00:50,944] INFO [GroupCoordinator id=1] Scheduling loading of metadata from __consumer_offsets-32 with epoch 0 (org.apache.kafka.coordinator.common.runtime.CoordinatorRuntime)
[2025-12-05 20:00:50,944] INFO [GroupCoordinator id=1] Scheduling loading of metadata from __consumer_offsets-28 with epoch 0 (org.apache.kafka.coordinator.common.runtime.CoordinatorRuntime)
[2025-12-05 20:00:50,944] INFO [GroupCoordinator id=1] Scheduling loading of metadata from __consumer_offsets-7 with epoch 0 (org.apache.kafka.coordinator.common.runtime.CoordinatorRuntime)
[2025-12-05 20:00:50,944] INFO [GroupCoordinator id=1] Scheduling loading of metadata from __consumer_offsets-40 with epoch 0 (org.apache.kafka.coordinator.common.runtime.CoordinatorRuntime)
[2025-12-05 20:00:50,944] INFO [GroupCoordinator id=1] Scheduling loading of metadata from __consumer_offsets-3 with epoch 0 (org.apache.kafka.coordinator.common.runtime.CoordinatorRuntime)
[2025-12-05 20:00:50,945] INFO [GroupCoordinator id=1] Scheduling loading of metadata from __consumer_offsets-36 with epoch 0 (org.apache.kafka.coordinator.common.runtime.CoordinatorRuntime)
[2025-12-05 20:00:50,945] INFO [GroupCoordinator id=1] Scheduling loading of metadata from __consumer_offsets-47 with epoch 0 (org.apache.kafka.coordinator.common.runtime.CoordinatorRuntime)
[2025-12-05 20:00:50,945] INFO [GroupCoordinator id=1] Scheduling loading of metadata from __consumer_offsets-14 with epoch 0 (org.apache.kafka.coordinator.common.runtime.CoordinatorRuntime)
[2025-12-05 20:00:50,945] INFO [GroupCoordinator id=1] Scheduling loading of metadata from __consumer_offsets-43 with epoch 0 (org.apache.kafka.coordinator.common.runtime.CoordinatorRuntime)
[2025-12-05 20:00:50,946] INFO [GroupCoordinator id=1] Scheduling loading of metadata from __consumer_offsets-10 with epoch 0 (org.apache.kafka.coordinator.common.runtime.CoordinatorRuntime)
[2025-12-05 20:00:50,946] INFO [GroupCoordinator id=1] Scheduling loading of metadata from __consumer_offsets-22 with epoch 0 (org.apache.kafka.coordinator.common.runtime.CoordinatorRuntime)
[2025-12-05 20:00:50,946] INFO [GroupCoordinator id=1] Scheduling loading of metadata from __consumer_offsets-18 with epoch 0 (org.apache.kafka.coordinator.common.runtime.CoordinatorRuntime)
[2025-12-05 20:00:50,946] INFO [GroupCoordinator id=1] Scheduling loading of metadata from __consumer_offsets-31 with epoch 0 (org.apache.kafka.coordinator.common.runtime.CoordinatorRuntime)
[2025-12-05 20:00:50,946] INFO [GroupCoordinator id=1] Scheduling loading of metadata from __consumer_offsets-27 with epoch 0 (org.apache.kafka.coordinator.common.runtime.CoordinatorRuntime)
[2025-12-05 20:00:50,947] INFO [GroupCoordinator id=1] Scheduling loading of metadata from __consumer_offsets-39 with epoch 0 (org.apache.kafka.coordinator.common.runtime.CoordinatorRuntime)
[2025-12-05 20:00:50,947] INFO [GroupCoordinator id=1] Scheduling loading of metadata from __consumer_offsets-6 with epoch 0 (org.apache.kafka.coordinator.common.runtime.CoordinatorRuntime)
[2025-12-05 20:00:50,947] INFO [GroupCoordinator id=1] Scheduling loading of metadata from __consumer_offsets-35 with epoch 0 (org.apache.kafka.coordinator.common.runtime.CoordinatorRuntime)
[2025-12-05 20:00:50,947] INFO [GroupCoordinator id=1] Scheduling loading of metadata from __consumer_offsets-2 with epoch 0 (org.apache.kafka.coordinator.common.runtime.CoordinatorRuntime)
[2025-12-05 20:00:50,952] INFO [DynamicConfigPublisher broker id=1] Updating topic __consumer_offsets with new configuration : compression.type -> producer,cleanup.policy -> compact,segment.bytes -> 104857600 (kafka.server.metadata.DynamicConfigPublisher)
[2025-12-05 20:00:50,959] INFO [GroupCoordinator id=1] Finished loading of metadata from __consumer_offsets-27 with epoch 0 in 0ms where 0ms was spent in the scheduler. Loaded 0 records which total to 0 bytes. (org.apache.kafka.coordinator.common.runtime.CoordinatorRuntime)
[2025-12-05 20:00:50,959] INFO [GroupCoordinator id=1] Finished loading of metadata from __consumer_offsets-46 with epoch 0 in 2ms where 2ms was spent in the scheduler. Loaded 0 records which total to 0 bytes. (org.apache.kafka.coordinator.common.runtime.CoordinatorRuntime)
[2025-12-05 20:00:50,959] INFO [GroupCoordinator id=1] Finished loading of metadata from __consumer_offsets-33 with epoch 0 in 0ms where 0ms was spent in the scheduler. Loaded 0 records which total to 0 bytes. (org.apache.kafka.coordinator.common.runtime.CoordinatorRuntime)
[2025-12-05 20:00:50,959] INFO [GroupCoordinator id=1] Finished loading of metadata from __consumer_offsets-35 with epoch 0 in 0ms where 0ms was spent in the scheduler. Loaded 0 records which total to 0 bytes. (org.apache.kafka.coordinator.common.runtime.CoordinatorRuntime)
[2025-12-05 20:00:50,959] INFO [GroupCoordinator id=1] Finished loading of metadata from __consumer_offsets-11 with epoch 0 in 0ms where 0ms was spent in the scheduler. Loaded 0 records which total to 0 bytes. (org.apache.kafka.coordinator.common.runtime.CoordinatorRuntime)
[2025-12-05 20:00:50,960] INFO [GroupCoordinator id=1] Finished loading of metadata from __consumer_offsets-39 with epoch 0 in 0ms where 0ms was spent in the scheduler. Loaded 0 records which total to 0 bytes. (org.apache.kafka.coordinator.common.runtime.CoordinatorRuntime)
[2025-12-05 20:00:50,960] INFO [GroupCoordinator id=1] Finished loading of metadata from __consumer_offsets-21 with epoch 0 in 0ms where 0ms was spent in the scheduler. Loaded 0 records which total to 0 bytes. (org.apache.kafka.coordinator.common.runtime.CoordinatorRuntime)
[2025-12-05 20:00:50,960] INFO [GroupCoordinator id=1] Finished loading of metadata from __consumer_offsets-29 with epoch 0 in 0ms where 0ms was spent in the scheduler. Loaded 0 records which total to 0 bytes. (org.apache.kafka.coordinator.common.runtime.CoordinatorRuntime)
[2025-12-05 20:00:50,960] INFO [GroupCoordinator id=1] Finished loading of metadata from __consumer_offsets-16 with epoch 0 in 0ms where 0ms was spent in the scheduler. Loaded 0 records which total to 0 bytes. (org.apache.kafka.coordinator.common.runtime.CoordinatorRuntime)
[2025-12-05 20:00:50,960] INFO [GroupCoordinator id=1] Finished loading of metadata from __consumer_offsets-45 with epoch 0 in 1ms where 0ms was spent in the scheduler. Loaded 0 records which total to 0 bytes. (org.apache.kafka.coordinator.common.runtime.CoordinatorRuntime)
[2025-12-05 20:00:50,960] INFO [GroupCoordinator id=1] Finished loading of metadata from __consumer_offsets-28 with epoch 0 in 0ms where 0ms was spent in the scheduler. Loaded 0 records which total to 0 bytes. (org.apache.kafka.coordinator.common.runtime.CoordinatorRuntime)
[2025-12-05 20:00:50,960] INFO [GroupCoordinator id=1] Finished loading of metadata from __consumer_offsets-23 with epoch 0 in 0ms where 0ms was spent in the scheduler. Loaded 0 records which total to 0 bytes. (org.apache.kafka.coordinator.common.runtime.CoordinatorRuntime)
[2025-12-05 20:00:50,961] INFO [GroupCoordinator id=1] Finished loading of metadata from __consumer_offsets-31 with epoch 0 in 0ms where 0ms was spent in the scheduler. Loaded 0 records which total to 0 bytes. (org.apache.kafka.coordinator.common.runtime.CoordinatorRuntime)
[2025-12-05 20:00:50,961] INFO [GroupCoordinator id=1] Finished loading of metadata from __consumer_offsets-38 with epoch 0 in 0ms where 0ms was spent in the scheduler. Loaded 0 records which total to 0 bytes. (org.apache.kafka.coordinator.common.runtime.CoordinatorRuntime)
[2025-12-05 20:00:50,961] INFO [GroupCoordinator id=1] Finished loading of metadata from __consumer_offsets-41 with epoch 0 in 0ms where 0ms was spent in the scheduler. Loaded 0 records which total to 0 bytes. (org.apache.kafka.coordinator.common.runtime.CoordinatorRuntime)
[2025-12-05 20:00:50,961] INFO [GroupCoordinator id=1] Finished loading of metadata from __consumer_offsets-9 with epoch 0 in 2ms where 2ms was spent in the scheduler. Loaded 0 records which total to 0 bytes. (org.apache.kafka.coordinator.common.runtime.CoordinatorRuntime)
[2025-12-05 20:00:50,962] INFO [GroupCoordinator id=1] Finished loading of metadata from __consumer_offsets-37 with epoch 0 in 0ms where 0ms was spent in the scheduler. Loaded 0 records which total to 0 bytes. (org.apache.kafka.coordinator.common.runtime.CoordinatorRuntime)
[2025-12-05 20:00:50,961] INFO [GroupCoordinator id=1] Finished loading of metadata from __consumer_offsets-1 with epoch 0 in 0ms where 0ms was spent in the scheduler. Loaded 0 records which total to 0 bytes. (org.apache.kafka.coordinator.common.runtime.CoordinatorRuntime)
[2025-12-05 20:00:50,962] INFO [GroupCoordinator id=1] Finished loading of metadata from __consumer_offsets-20 with epoch 0 in 0ms where 0ms was spent in the scheduler. Loaded 0 records which total to 0 bytes. (org.apache.kafka.coordinator.common.runtime.CoordinatorRuntime)
[2025-12-05 20:00:50,961] INFO [GroupCoordinator id=1] Finished loading of metadata from __consumer_offsets-10 with epoch 0 in 0ms where 0ms was spent in the scheduler. Loaded 0 records which total to 0 bytes. (org.apache.kafka.coordinator.common.runtime.CoordinatorRuntime)
[2025-12-05 20:00:50,962] INFO [GroupCoordinator id=1] Finished loading of metadata from __consumer_offsets-15 with epoch 0 in 0ms where 0ms was spent in the scheduler. Loaded 0 records which total to 0 bytes. (org.apache.kafka.coordinator.common.runtime.CoordinatorRuntime)
[2025-12-05 20:00:50,962] INFO [GroupCoordinator id=1] Finished loading of metadata from __consumer_offsets-4 with epoch 0 in 0ms where 0ms was spent in the scheduler. Loaded 0 records which total to 0 bytes. (org.apache.kafka.coordinator.common.runtime.CoordinatorRuntime)
[2025-12-05 20:00:50,962] INFO [GroupCoordinator id=1] Finished loading of metadata from __consumer_offsets-32 with epoch 0 in 1ms where 1ms was spent in the scheduler. Loaded 0 records which total to 0 bytes. (org.apache.kafka.coordinator.common.runtime.CoordinatorRuntime)
[2025-12-05 20:00:50,962] INFO [GroupCoordinator id=1] Finished loading of metadata from __consumer_offsets-49 with epoch 0 in 0ms where 0ms was spent in the scheduler. Loaded 0 records which total to 0 bytes. (org.apache.kafka.coordinator.common.runtime.CoordinatorRuntime)
[2025-12-05 20:00:50,963] INFO [GroupCoordinator id=1] Finished loading of metadata from __consumer_offsets-25 with epoch 0 in 0ms where 0ms was spent in the scheduler. Loaded 0 records which total to 0 bytes. (org.apache.kafka.coordinator.common.runtime.CoordinatorRuntime)
[2025-12-05 20:00:50,962] INFO [GroupCoordinator id=1] Finished loading of metadata from __consumer_offsets-44 with epoch 0 in 0ms where 0ms was spent in the scheduler. Loaded 0 records which total to 0 bytes. (org.apache.kafka.coordinator.common.runtime.CoordinatorRuntime)
[2025-12-05 20:00:50,963] INFO [GroupCoordinator id=1] Finished loading of metadata from __consumer_offsets-8 with epoch 0 in 0ms where 0ms was spent in the scheduler. Loaded 0 records which total to 0 bytes. (org.apache.kafka.coordinator.common.runtime.CoordinatorRuntime)
[2025-12-05 20:00:50,963] INFO [GroupCoordinator id=1] Finished loading of metadata from __consumer_offsets-42 with epoch 0 in 2ms where 2ms was spent in the scheduler. Loaded 0 records which total to 0 bytes. (org.apache.kafka.coordinator.common.runtime.CoordinatorRuntime)
[2025-12-05 20:00:50,963] INFO [GroupCoordinator id=1] Finished loading of metadata from __consumer_offsets-40 with epoch 0 in 1ms where 1ms was spent in the scheduler. Loaded 0 records which total to 0 bytes. (org.apache.kafka.coordinator.common.runtime.CoordinatorRuntime)
[2025-12-05 20:00:50,963] INFO [GroupCoordinator id=1] Finished loading of metadata from __consumer_offsets-26 with epoch 0 in 0ms where 0ms was spent in the scheduler. Loaded 0 records which total to 0 bytes. (org.apache.kafka.coordinator.common.runtime.CoordinatorRuntime)
[2025-12-05 20:00:50,964] INFO [GroupCoordinator id=1] Finished loading of metadata from __consumer_offsets-34 with epoch 0 in 0ms where 0ms was spent in the scheduler. Loaded 0 records which total to 0 bytes. (org.apache.kafka.coordinator.common.runtime.CoordinatorRuntime)
[2025-12-05 20:00:50,963] INFO [GroupCoordinator id=1] Finished loading of metadata from __consumer_offsets-30 with epoch 0 in 0ms where 0ms was spent in the scheduler. Loaded 0 records which total to 0 bytes. (org.apache.kafka.coordinator.common.runtime.CoordinatorRuntime)
[2025-12-05 20:00:50,964] INFO [GroupCoordinator id=1] Finished loading of metadata from __consumer_offsets-43 with epoch 0 in 0ms where 0ms was spent in the scheduler. Loaded 0 records which total to 0 bytes. (org.apache.kafka.coordinator.common.runtime.CoordinatorRuntime)
[2025-12-05 20:00:50,964] INFO [GroupCoordinator id=1] Finished loading of metadata from __consumer_offsets-5 with epoch 0 in 0ms where 0ms was spent in the scheduler. Loaded 0 records which total to 0 bytes. (org.apache.kafka.coordinator.common.runtime.CoordinatorRuntime)
[2025-12-05 20:00:50,964] INFO [GroupCoordinator id=1] Finished loading of metadata from __consumer_offsets-19 with epoch 0 in 0ms where 0ms was spent in the scheduler. Loaded 0 records which total to 0 bytes. (org.apache.kafka.coordinator.common.runtime.CoordinatorRuntime)
[2025-12-05 20:00:50,964] INFO [GroupCoordinator id=1] Finished loading of metadata from __consumer_offsets-3 with epoch 0 in 0ms where 0ms was spent in the scheduler. Loaded 0 records which total to 0 bytes. (org.apache.kafka.coordinator.common.runtime.CoordinatorRuntime)
[2025-12-05 20:00:50,964] INFO [GroupCoordinator id=1] Finished loading of metadata from __consumer_offsets-13 with epoch 0 in 2ms where 1ms was spent in the scheduler. Loaded 0 records which total to 0 bytes. (org.apache.kafka.coordinator.common.runtime.CoordinatorRuntime)
[2025-12-05 20:00:50,965] INFO [GroupCoordinator id=1] Finished loading of metadata from __consumer_offsets-0 with epoch 0 in 0ms where 0ms was spent in the scheduler. Loaded 0 records which total to 0 bytes. (org.apache.kafka.coordinator.common.runtime.CoordinatorRuntime)
[2025-12-05 20:00:50,965] INFO [GroupCoordinator id=1] Finished loading of metadata from __consumer_offsets-18 with epoch 0 in 0ms where 0ms was spent in the scheduler. Loaded 0 records which total to 0 bytes. (org.apache.kafka.coordinator.common.runtime.CoordinatorRuntime)
[2025-12-05 20:00:50,965] INFO [GroupCoordinator id=1] Finished loading of metadata from __consumer_offsets-36 with epoch 0 in 1ms where 0ms was spent in the scheduler. Loaded 0 records which total to 0 bytes. (org.apache.kafka.coordinator.common.runtime.CoordinatorRuntime)
[2025-12-05 20:00:50,965] INFO [GroupCoordinator id=1] Finished loading of metadata from __consumer_offsets-47 with epoch 0 in 0ms where 0ms was spent in the scheduler. Loaded 0 records which total to 0 bytes. (org.apache.kafka.coordinator.common.runtime.CoordinatorRuntime)
[2025-12-05 20:00:50,965] INFO [GroupCoordinator id=1] Finished loading of metadata from __consumer_offsets-17 with epoch 0 in 0ms where 0ms was spent in the scheduler. Loaded 0 records which total to 0 bytes. (org.apache.kafka.coordinator.common.runtime.CoordinatorRuntime)
[2025-12-05 20:00:50,965] INFO [GroupCoordinator id=1] Finished loading of metadata from __consumer_offsets-14 with epoch 0 in 0ms where 0ms was spent in the scheduler. Loaded 0 records which total to 0 bytes. (org.apache.kafka.coordinator.common.runtime.CoordinatorRuntime)
[2025-12-05 20:00:50,966] INFO [GroupCoordinator id=1] Finished loading of metadata from __consumer_offsets-12 with epoch 0 in 0ms where 0ms was spent in the scheduler. Loaded 0 records which total to 0 bytes. (org.apache.kafka.coordinator.common.runtime.CoordinatorRuntime)
[2025-12-05 20:00:50,965] INFO [GroupCoordinator id=1] Finished loading of metadata from __consumer_offsets-6 with epoch 0 in 0ms where 0ms was spent in the scheduler. Loaded 0 records which total to 0 bytes. (org.apache.kafka.coordinator.common.runtime.CoordinatorRuntime)
[2025-12-05 20:00:50,966] INFO [GroupCoordinator id=1] Finished loading of metadata from __consumer_offsets-22 with epoch 0 in 0ms where 0ms was spent in the scheduler. Loaded 0 records which total to 0 bytes. (org.apache.kafka.coordinator.common.runtime.CoordinatorRuntime)
[2025-12-05 20:00:50,966] INFO [GroupCoordinator id=1] Finished loading of metadata from __consumer_offsets-2 with epoch 0 in 0ms where 0ms was spent in the scheduler. Loaded 0 records which total to 0 bytes. (org.apache.kafka.coordinator.common.runtime.CoordinatorRuntime)
[2025-12-05 20:00:50,966] INFO [GroupCoordinator id=1] Finished loading of metadata from __consumer_offsets-7 with epoch 0 in 0ms where 0ms was spent in the scheduler. Loaded 0 records which total to 0 bytes. (org.apache.kafka.coordinator.common.runtime.CoordinatorRuntime)
[2025-12-05 20:00:50,966] INFO [GroupCoordinator id=1] Finished loading of metadata from __consumer_offsets-24 with epoch 0 in 0ms where 0ms was spent in the scheduler. Loaded 0 records which total to 0 bytes. (org.apache.kafka.coordinator.common.runtime.CoordinatorRuntime)
[2025-12-05 20:00:50,966] INFO [GroupCoordinator id=1] Finished loading of metadata from __consumer_offsets-48 with epoch 0 in 0ms where 0ms was spent in the scheduler. Loaded 0 records which total to 0 bytes. (org.apache.kafka.coordinator.common.runtime.CoordinatorRuntime)
[2025-12-05 20:00:51,010] INFO [GroupCoordinator id=1 topic=__consumer_offsets partition=37] Dynamic member with unknown member id joins group console-consumer-3230 in Empty state. Created a new member id console-consumer-db3ca35a-01f1-48fb-b06d-c1bcf9abe656 and requesting the member to rejoin with this id. (org.apache.kafka.coordinator.group.GroupMetadataManager)
[2025-12-05 20:00:51,016] INFO [GroupCoordinator id=1 topic=__consumer_offsets partition=37] Pending dynamic member with id console-consumer-db3ca35a-01f1-48fb-b06d-c1bcf9abe656 joins group console-consumer-3230 in Empty state. Adding to the group now. (org.apache.kafka.coordinator.group.GroupMetadataManager)
[2025-12-05 20:00:51,017] INFO [GroupCoordinator id=1 topic=__consumer_offsets partition=37] Preparing to rebalance group console-consumer-3230 in state PreparingRebalance with old generation 0 (reason: Adding new member console-consumer-db3ca35a-01f1-48fb-b06d-c1bcf9abe656 with group instance id null; client reason: need to re-join with the given member-id: console-consumer-db3ca35a-01f1-48fb-b06d-c1bcf9abe656). (org.apache.kafka.coordinator.group.GroupMetadataManager)
[2025-12-05 20:00:54,022] INFO [GroupCoordinator id=1 topic=__consumer_offsets partition=37] Stabilized group console-consumer-3230 generation 1 with 1 members. (org.apache.kafka.coordinator.group.GroupMetadataManager)
[2025-12-05 20:00:54,036] INFO [GroupCoordinator id=1 topic=__consumer_offsets partition=37] Assignment received from leader console-consumer-db3ca35a-01f1-48fb-b06d-c1bcf9abe656 for group console-consumer-3230 for generation 1. The group has 1 members, 0 of which are static. (org.apache.kafka.coordinator.group.GroupMetadataManager)
[2025-12-05 20:09:10,135] INFO [NodeToControllerChannelManager id=1 name=registration] Node 1 disconnected. (org.apache.kafka.clients.NetworkClient)
[2025-12-05 20:10:23,648] INFO [NodeToControllerChannelManager id=1 name=forwarding] Node 1 disconnected. (org.apache.kafka.clients.NetworkClient)
[2025-12-05 20:16:37,623] INFO [GroupCoordinator id=1 topic=__consumer_offsets partition=41] Dynamic member with unknown member id joins group Jonathan-Service-ID in Empty state. Created a new member id rdkafka-6566f784-bd5b-4363-83eb-c75f44910035 and requesting the member to rejoin with this id. (org.apache.kafka.coordinator.group.GroupMetadataManager)
[2025-12-05 20:16:37,623] INFO [GroupCoordinator id=1 topic=__consumer_offsets partition=41] Pending dynamic member with id rdkafka-6566f784-bd5b-4363-83eb-c75f44910035 joins group Jonathan-Service-ID in Empty state. Adding to the group now. (org.apache.kafka.coordinator.group.GroupMetadataManager)
[2025-12-05 20:16:37,624] INFO [GroupCoordinator id=1 topic=__consumer_offsets partition=41] Preparing to rebalance group Jonathan-Service-ID in state PreparingRebalance with old generation 0 (reason: Adding new member rdkafka-6566f784-bd5b-4363-83eb-c75f44910035 with group instance id null; client reason: not provided). (org.apache.kafka.coordinator.group.GroupMetadataManager)
[2025-12-05 20:16:40,625] INFO [GroupCoordinator id=1 topic=__consumer_offsets partition=41] Stabilized group Jonathan-Service-ID generation 1 with 1 members. (org.apache.kafka.coordinator.group.GroupMetadataManager)
[2025-12-05 20:16:40,627] INFO [GroupCoordinator id=1 topic=__consumer_offsets partition=41] Assignment received from leader rdkafka-6566f784-bd5b-4363-83eb-c75f44910035 for group Jonathan-Service-ID for generation 1. The group has 1 members, 0 of which are static. (org.apache.kafka.coordinator.group.GroupMetadataManager)
[2025-12-05 20:18:56,614] INFO [GroupCoordinator id=1 topic=__consumer_offsets partition=41] [Group Jonathan-Service-ID] Member rdkafka-6566f784-bd5b-4363-83eb-c75f44910035 has left group through explicit `LeaveGroup` request; client reason: not provided (org.apache.kafka.coordinator.group.GroupMetadataManager)
[2025-12-05 20:18:56,615] INFO [GroupCoordinator id=1 topic=__consumer_offsets partition=41] Preparing to rebalance group Jonathan-Service-ID in state PreparingRebalance with old generation 1 (reason: explicit `LeaveGroup` request for (rdkafka-6566f784-bd5b-4363-83eb-c75f44910035) members.). (org.apache.kafka.coordinator.group.GroupMetadataManager)
[2025-12-05 20:18:56,615] INFO [GroupCoordinator id=1 topic=__consumer_offsets partition=41] Group Jonathan-Service-ID with generation 2 is now empty. (org.apache.kafka.coordinator.group.GroupMetadataManager)
[2025-12-05 20:20:20,168] INFO Terminating process due to signal SIGHUP (org.apache.kafka.common.utils.LoggingSignalHandler)
[2025-12-05 20:20:20,168] INFO Terminating process due to signal SIGHUP (org.apache.kafka.common.utils.LoggingSignalHandler)
[2025-12-05 20:20:20,170] INFO [BrokerServer id=1] Transition from STARTED to SHUTTING_DOWN (kafka.server.BrokerServer)
[2025-12-05 20:20:20,177] INFO [BrokerServer id=1] shutting down (kafka.server.BrokerServer)
[2025-12-05 20:20:20,178] INFO [BrokerLifecycleManager id=1] Beginning controlled shutdown. (kafka.server.BrokerLifecycleManager)
[2025-12-05 20:20:20,183] INFO [GroupCoordinator id=1 topic=__consumer_offsets partition=37] [Group console-consumer-3230] Member console-consumer-db3ca35a-01f1-48fb-b06d-c1bcf9abe656 has left group through explicit `LeaveGroup` request; client reason: the consumer is being closed (org.apache.kafka.coordinator.group.GroupMetadataManager)
[2025-12-05 20:20:20,183] INFO [GroupCoordinator id=1 topic=__consumer_offsets partition=37] Preparing to rebalance group console-consumer-3230 in state PreparingRebalance with old generation 1 (reason: explicit `LeaveGroup` request for (console-consumer-db3ca35a-01f1-48fb-b06d-c1bcf9abe656) members.). (org.apache.kafka.coordinator.group.GroupMetadataManager)
[2025-12-05 20:20:20,183] INFO [GroupCoordinator id=1 topic=__consumer_offsets partition=37] Group console-consumer-3230 with generation 2 is now empty. (org.apache.kafka.coordinator.group.GroupMetadataManager)
[2025-12-05 20:20:20,210] INFO [BrokerLifecycleManager id=1] The broker is in PENDING_CONTROLLED_SHUTDOWN state, still waiting for the active controller. (kafka.server.BrokerLifecycleManager)
[2025-12-05 20:20:20,221] INFO [ReplicaFetcherManager on broker 1] Removed fetcher for partitions HashSet(__consumer_offsets-22, __consumer_offsets-30, __consumer_offsets-25, __consumer_offsets-35, __consumer_offsets-37, __consumer_offsets-38, __consumer_offsets-13, test-topic-0, __consumer_offsets-8, __consumer_offsets-21, __consumer_offsets-4, __consumer_offsets-27, __consumer_offsets-7, __consumer_offsets-9, __consumer_offsets-46, __consumer_offsets-41, __consumer_offsets-33, __consumer_offsets-23, __consumer_offsets-49, __consumer_offsets-47, __consumer_offsets-16, __consumer_offsets-28, __consumer_offsets-31, __consumer_offsets-36, __consumer_offsets-42, __consumer_offsets-3, __consumer_offsets-18, __consumer_offsets-15, __consumer_offsets-24, __consumer_offsets-17, __consumer_offsets-48, __consumer_offsets-19, __consumer_offsets-11, __consumer_offsets-2, __consumer_offsets-43, __consumer_offsets-6, __consumer_offsets-14, __consumer_offsets-20, __consumer_offsets-0, __consumer_offsets-44, __consumer_offsets-39, __consumer_offsets-12, __consumer_offsets-45, __consumer_offsets-1, __consumer_offsets-5, __consumer_offsets-26, __consumer_offsets-29, __consumer_offsets-34, __consumer_offsets-10, __consumer_offsets-32, __consumer_offsets-40) (kafka.server.ReplicaFetcherManager)
[2025-12-05 20:20:20,221] INFO [ReplicaAlterLogDirsManager on broker 1] Removed fetcher for partitions HashSet(__consumer_offsets-22, __consumer_offsets-30, __consumer_offsets-25, __consumer_offsets-35, __consumer_offsets-37, __consumer_offsets-38, __consumer_offsets-13, test-topic-0, __consumer_offsets-8, __consumer_offsets-21, __consumer_offsets-4, __consumer_offsets-27, __consumer_offsets-7, __consumer_offsets-9, __consumer_offsets-46, __consumer_offsets-41, __consumer_offsets-33, __consumer_offsets-23, __consumer_offsets-49, __consumer_offsets-47, __consumer_offsets-16, __consumer_offsets-28, __consumer_offsets-31, __consumer_offsets-36, __consumer_offsets-42, __consumer_offsets-3, __consumer_offsets-18, __consumer_offsets-15, __consumer_offsets-24, __consumer_offsets-17, __consumer_offsets-48, __consumer_offsets-19, __consumer_offsets-11, __consumer_offsets-2, __consumer_offsets-43, __consumer_offsets-6, __consumer_offsets-14, __consumer_offsets-20, __consumer_offsets-0, __consumer_offsets-44, __consumer_offsets-39, __consumer_offsets-12, __consumer_offsets-45, __consumer_offsets-1, __consumer_offsets-5, __consumer_offsets-26, __consumer_offsets-29, __consumer_offsets-34, __consumer_offsets-10, __consumer_offsets-32, __consumer_offsets-40) (kafka.server.ReplicaAlterLogDirsManager)
[2025-12-05 20:20:20,226] INFO [GroupCoordinator id=1] Scheduling unloading of metadata for __consumer_offsets-13 with epoch OptionalInt[1] (org.apache.kafka.coordinator.common.runtime.CoordinatorRuntime)
[2025-12-05 20:20:20,226] INFO [GroupCoordinator id=1] Scheduling unloading of metadata for __consumer_offsets-46 with epoch OptionalInt[1] (org.apache.kafka.coordinator.common.runtime.CoordinatorRuntime)
[2025-12-05 20:20:20,226] INFO [GroupCoordinator id=1] Started unloading metadata for __consumer_offsets-13 with epoch OptionalInt[1]. (org.apache.kafka.coordinator.common.runtime.CoordinatorRuntime)
[2025-12-05 20:20:20,227] INFO [GroupCoordinator id=1] Started unloading metadata for __consumer_offsets-46 with epoch OptionalInt[1]. (org.apache.kafka.coordinator.common.runtime.CoordinatorRuntime)
[2025-12-05 20:20:20,226] INFO [GroupCoordinator id=1] Scheduling unloading of metadata for __consumer_offsets-9 with epoch OptionalInt[1] (org.apache.kafka.coordinator.common.runtime.CoordinatorRuntime)
[2025-12-05 20:20:20,227] INFO [GroupCoordinator id=1] Finished unloading metadata for __consumer_offsets-46 with epoch OptionalInt[1]. (org.apache.kafka.coordinator.common.runtime.CoordinatorRuntime)
[2025-12-05 20:20:20,227] INFO [GroupCoordinator id=1] Finished unloading metadata for __consumer_offsets-13 with epoch OptionalInt[1]. (org.apache.kafka.coordinator.common.runtime.CoordinatorRuntime)
[2025-12-05 20:20:20,227] INFO [GroupCoordinator id=1] Scheduling unloading of metadata for __consumer_offsets-42 with epoch OptionalInt[1] (org.apache.kafka.coordinator.common.runtime.CoordinatorRuntime)
[2025-12-05 20:20:20,227] INFO [GroupCoordinator id=1] Started unloading metadata for __consumer_offsets-9 with epoch OptionalInt[1]. (org.apache.kafka.coordinator.common.runtime.CoordinatorRuntime)
[2025-12-05 20:20:20,228] INFO [GroupCoordinator id=1] Started unloading metadata for __consumer_offsets-42 with epoch OptionalInt[1]. (org.apache.kafka.coordinator.common.runtime.CoordinatorRuntime)
[2025-12-05 20:20:20,228] INFO [GroupCoordinator id=1] Scheduling unloading of metadata for __consumer_offsets-21 with epoch OptionalInt[1] (org.apache.kafka.coordinator.common.runtime.CoordinatorRuntime)
[2025-12-05 20:20:20,228] INFO [GroupCoordinator id=1] Finished unloading metadata for __consumer_offsets-9 with epoch OptionalInt[1]. (org.apache.kafka.coordinator.common.runtime.CoordinatorRuntime)
[2025-12-05 20:20:20,228] INFO [GroupCoordinator id=1] Finished unloading metadata for __consumer_offsets-42 with epoch OptionalInt[1]. (org.apache.kafka.coordinator.common.runtime.CoordinatorRuntime)
[2025-12-05 20:20:20,228] INFO [GroupCoordinator id=1] Started unloading metadata for __consumer_offsets-21 with epoch OptionalInt[1]. (org.apache.kafka.coordinator.common.runtime.CoordinatorRuntime)
[2025-12-05 20:20:20,228] INFO [GroupCoordinator id=1] Scheduling unloading of metadata for __consumer_offsets-17 with epoch OptionalInt[1] (org.apache.kafka.coordinator.common.runtime.CoordinatorRuntime)
[2025-12-05 20:20:20,229] INFO [GroupCoordinator id=1] Finished unloading metadata for __consumer_offsets-21 with epoch OptionalInt[1]. (org.apache.kafka.coordinator.common.runtime.CoordinatorRuntime)
[2025-12-05 20:20:20,229] INFO [GroupCoordinator id=1] Started unloading metadata for __consumer_offsets-17 with epoch OptionalInt[1]. (org.apache.kafka.coordinator.common.runtime.CoordinatorRuntime)
[2025-12-05 20:20:20,229] INFO [GroupCoordinator id=1] Scheduling unloading of metadata for __consumer_offsets-30 with epoch OptionalInt[1] (org.apache.kafka.coordinator.common.runtime.CoordinatorRuntime)
[2025-12-05 20:20:20,229] INFO [GroupCoordinator id=1] Scheduling unloading of metadata for __consumer_offsets-26 with epoch OptionalInt[1] (org.apache.kafka.coordinator.common.runtime.CoordinatorRuntime)
[2025-12-05 20:20:20,229] INFO [GroupCoordinator id=1] Finished unloading metadata for __consumer_offsets-17 with epoch OptionalInt[1]. (org.apache.kafka.coordinator.common.runtime.CoordinatorRuntime)
[2025-12-05 20:20:20,229] INFO [GroupCoordinator id=1] Started unloading metadata for __consumer_offsets-30 with epoch OptionalInt[1]. (org.apache.kafka.coordinator.common.runtime.CoordinatorRuntime)
[2025-12-05 20:20:20,230] INFO [GroupCoordinator id=1] Started unloading metadata for __consumer_offsets-26 with epoch OptionalInt[1]. (org.apache.kafka.coordinator.common.runtime.CoordinatorRuntime)
[2025-12-05 20:20:20,230] INFO [GroupCoordinator id=1] Scheduling unloading of metadata for __consumer_offsets-5 with epoch OptionalInt[1] (org.apache.kafka.coordinator.common.runtime.CoordinatorRuntime)
[2025-12-05 20:20:20,230] INFO [GroupCoordinator id=1] Finished unloading metadata for __consumer_offsets-30 with epoch OptionalInt[1]. (org.apache.kafka.coordinator.common.runtime.CoordinatorRuntime)
[2025-12-05 20:20:20,230] INFO [GroupCoordinator id=1] Finished unloading metadata for __consumer_offsets-26 with epoch OptionalInt[1]. (org.apache.kafka.coordinator.common.runtime.CoordinatorRuntime)
[2025-12-05 20:20:20,230] INFO [GroupCoordinator id=1] Started unloading metadata for __consumer_offsets-5 with epoch OptionalInt[1]. (org.apache.kafka.coordinator.common.runtime.CoordinatorRuntime)
[2025-12-05 20:20:20,230] INFO [GroupCoordinator id=1] Scheduling unloading of metadata for __consumer_offsets-38 with epoch OptionalInt[1] (org.apache.kafka.coordinator.common.runtime.CoordinatorRuntime)
[2025-12-05 20:20:20,231] INFO [GroupCoordinator id=1] Finished unloading metadata for __consumer_offsets-5 with epoch OptionalInt[1]. (org.apache.kafka.coordinator.common.runtime.CoordinatorRuntime)
[2025-12-05 20:20:20,231] INFO [GroupCoordinator id=1] Started unloading metadata for __consumer_offsets-38 with epoch OptionalInt[1]. (org.apache.kafka.coordinator.common.runtime.CoordinatorRuntime)
[2025-12-05 20:20:20,231] INFO [GroupCoordinator id=1] Scheduling unloading of metadata for __consumer_offsets-1 with epoch OptionalInt[1] (org.apache.kafka.coordinator.common.runtime.CoordinatorRuntime)
[2025-12-05 20:20:20,231] INFO [GroupCoordinator id=1] Finished unloading metadata for __consumer_offsets-38 with epoch OptionalInt[1]. (org.apache.kafka.coordinator.common.runtime.CoordinatorRuntime)
[2025-12-05 20:20:20,232] INFO [GroupCoordinator id=1] Started unloading metadata for __consumer_offsets-1 with epoch OptionalInt[1]. (org.apache.kafka.coordinator.common.runtime.CoordinatorRuntime)
[2025-12-05 20:20:20,232] INFO [GroupCoordinator id=1] Scheduling unloading of metadata for __consumer_offsets-34 with epoch OptionalInt[1] (org.apache.kafka.coordinator.common.runtime.CoordinatorRuntime)
[2025-12-05 20:20:20,232] INFO [GroupCoordinator id=1] Finished unloading metadata for __consumer_offsets-1 with epoch OptionalInt[1]. (org.apache.kafka.coordinator.common.runtime.CoordinatorRuntime)
[2025-12-05 20:20:20,232] INFO [GroupCoordinator id=1] Started unloading metadata for __consumer_offsets-34 with epoch OptionalInt[1]. (org.apache.kafka.coordinator.common.runtime.CoordinatorRuntime)
[2025-12-05 20:20:20,232] INFO [GroupCoordinator id=1] Scheduling unloading of metadata for __consumer_offsets-16 with epoch OptionalInt[1] (org.apache.kafka.coordinator.common.runtime.CoordinatorRuntime)
[2025-12-05 20:20:20,232] INFO [GroupCoordinator id=1] Finished unloading metadata for __consumer_offsets-34 with epoch OptionalInt[1]. (org.apache.kafka.coordinator.common.runtime.CoordinatorRuntime)
[2025-12-05 20:20:20,233] INFO [GroupCoordinator id=1] Started unloading metadata for __consumer_offsets-16 with epoch OptionalInt[1]. (org.apache.kafka.coordinator.common.runtime.CoordinatorRuntime)
[2025-12-05 20:20:20,233] INFO [GroupCoordinator id=1] Scheduling unloading of metadata for __consumer_offsets-45 with epoch OptionalInt[1] (org.apache.kafka.coordinator.common.runtime.CoordinatorRuntime)
[2025-12-05 20:20:20,233] INFO [GroupCoordinator id=1] Finished unloading metadata for __consumer_offsets-16 with epoch OptionalInt[1]. (org.apache.kafka.coordinator.common.runtime.CoordinatorRuntime)
[2025-12-05 20:20:20,233] INFO [GroupCoordinator id=1] Started unloading metadata for __consumer_offsets-45 with epoch OptionalInt[1]. (org.apache.kafka.coordinator.common.runtime.CoordinatorRuntime)
[2025-12-05 20:20:20,233] INFO [GroupCoordinator id=1] Scheduling unloading of metadata for __consumer_offsets-12 with epoch OptionalInt[1] (org.apache.kafka.coordinator.common.runtime.CoordinatorRuntime)
[2025-12-05 20:20:20,234] INFO [GroupCoordinator id=1] Finished unloading metadata for __consumer_offsets-45 with epoch OptionalInt[1]. (org.apache.kafka.coordinator.common.runtime.CoordinatorRuntime)
[2025-12-05 20:20:20,234] INFO [GroupCoordinator id=1] Started unloading metadata for __consumer_offsets-12 with epoch OptionalInt[1]. (org.apache.kafka.coordinator.common.runtime.CoordinatorRuntime)
[2025-12-05 20:20:20,234] INFO [GroupCoordinator id=1] Scheduling unloading of metadata for __consumer_offsets-41 with epoch OptionalInt[1] (org.apache.kafka.coordinator.common.runtime.CoordinatorRuntime)
[2025-12-05 20:20:20,234] INFO [GroupCoordinator id=1] Finished unloading metadata for __consumer_offsets-12 with epoch OptionalInt[1]. (org.apache.kafka.coordinator.common.runtime.CoordinatorRuntime)
[2025-12-05 20:20:20,234] INFO [GroupCoordinator id=1] Started unloading metadata for __consumer_offsets-41 with epoch OptionalInt[1]. (org.apache.kafka.coordinator.common.runtime.CoordinatorRuntime)
[2025-12-05 20:20:20,234] INFO [GroupCoordinator id=1] Scheduling unloading of metadata for __consumer_offsets-24 with epoch OptionalInt[1] (org.apache.kafka.coordinator.common.runtime.CoordinatorRuntime)
[2025-12-05 20:20:20,235] INFO [GroupCoordinator id=1 topic=__consumer_offsets partition=41] [GroupId=Jonathan-Service-ID] Unloading group metadata for generation 2. (org.apache.kafka.coordinator.group.GroupMetadataManager)
[2025-12-05 20:20:20,235] INFO [GroupCoordinator id=1] Started unloading metadata for __consumer_offsets-24 with epoch OptionalInt[1]. (org.apache.kafka.coordinator.common.runtime.CoordinatorRuntime)
[2025-12-05 20:20:20,235] INFO [GroupCoordinator id=1] Scheduling unloading of metadata for __consumer_offsets-20 with epoch OptionalInt[1] (org.apache.kafka.coordinator.common.runtime.CoordinatorRuntime)
[2025-12-05 20:20:20,235] INFO [GroupCoordinator id=1] Finished unloading metadata for __consumer_offsets-41 with epoch OptionalInt[1]. (org.apache.kafka.coordinator.common.runtime.CoordinatorRuntime)
[2025-12-05 20:20:20,235] INFO [GroupCoordinator id=1] Finished unloading metadata for __consumer_offsets-24 with epoch OptionalInt[1]. (org.apache.kafka.coordinator.common.runtime.CoordinatorRuntime)
[2025-12-05 20:20:20,235] INFO [GroupCoordinator id=1] Started unloading metadata for __consumer_offsets-20 with epoch OptionalInt[1]. (org.apache.kafka.coordinator.common.runtime.CoordinatorRuntime)
[2025-12-05 20:20:20,235] INFO [GroupCoordinator id=1] Scheduling unloading of metadata for __consumer_offsets-49 with epoch OptionalInt[1] (org.apache.kafka.coordinator.common.runtime.CoordinatorRuntime)
[2025-12-05 20:20:20,236] INFO [GroupCoordinator id=1] Finished unloading metadata for __consumer_offsets-20 with epoch OptionalInt[1]. (org.apache.kafka.coordinator.common.runtime.CoordinatorRuntime)
[2025-12-05 20:20:20,236] INFO [GroupCoordinator id=1] Started unloading metadata for __consumer_offsets-49 with epoch OptionalInt[1]. (org.apache.kafka.coordinator.common.runtime.CoordinatorRuntime)
[2025-12-05 20:20:20,236] INFO [GroupCoordinator id=1] Scheduling unloading of metadata for __consumer_offsets-0 with epoch OptionalInt[1] (org.apache.kafka.coordinator.common.runtime.CoordinatorRuntime)
[2025-12-05 20:20:20,236] INFO [GroupCoordinator id=1] Finished unloading metadata for __consumer_offsets-49 with epoch OptionalInt[1]. (org.apache.kafka.coordinator.common.runtime.CoordinatorRuntime)
[2025-12-05 20:20:20,236] INFO [GroupCoordinator id=1] Started unloading metadata for __consumer_offsets-0 with epoch OptionalInt[1]. (org.apache.kafka.coordinator.common.runtime.CoordinatorRuntime)
[2025-12-05 20:20:20,236] INFO [GroupCoordinator id=1] Scheduling unloading of metadata for __consumer_offsets-29 with epoch OptionalInt[1] (org.apache.kafka.coordinator.common.runtime.CoordinatorRuntime)
[2025-12-05 20:20:20,237] INFO [GroupCoordinator id=1] Finished unloading metadata for __consumer_offsets-0 with epoch OptionalInt[1]. (org.apache.kafka.coordinator.common.runtime.CoordinatorRuntime)
[2025-12-05 20:20:20,237] INFO [GroupCoordinator id=1] Started unloading metadata for __consumer_offsets-29 with epoch OptionalInt[1]. (org.apache.kafka.coordinator.common.runtime.CoordinatorRuntime)
[2025-12-05 20:20:20,237] INFO [GroupCoordinator id=1] Scheduling unloading of metadata for __consumer_offsets-25 with epoch OptionalInt[1] (org.apache.kafka.coordinator.common.runtime.CoordinatorRuntime)
[2025-12-05 20:20:20,237] INFO [GroupCoordinator id=1] Finished unloading metadata for __consumer_offsets-29 with epoch OptionalInt[1]. (org.apache.kafka.coordinator.common.runtime.CoordinatorRuntime)
[2025-12-05 20:20:20,237] INFO [GroupCoordinator id=1] Scheduling unloading of metadata for __consumer_offsets-8 with epoch OptionalInt[1] (org.apache.kafka.coordinator.common.runtime.CoordinatorRuntime)
[2025-12-05 20:20:20,237] INFO [GroupCoordinator id=1] Started unloading metadata for __consumer_offsets-25 with epoch OptionalInt[1]. (org.apache.kafka.coordinator.common.runtime.CoordinatorRuntime)
[2025-12-05 20:20:20,238] INFO [GroupCoordinator id=1] Started unloading metadata for __consumer_offsets-8 with epoch OptionalInt[1]. (org.apache.kafka.coordinator.common.runtime.CoordinatorRuntime)
[2025-12-05 20:20:20,238] INFO [GroupCoordinator id=1] Scheduling unloading of metadata for __consumer_offsets-37 with epoch OptionalInt[1] (org.apache.kafka.coordinator.common.runtime.CoordinatorRuntime)
[2025-12-05 20:20:20,238] INFO [GroupCoordinator id=1] Finished unloading metadata for __consumer_offsets-25 with epoch OptionalInt[1]. (org.apache.kafka.coordinator.common.runtime.CoordinatorRuntime)
[2025-12-05 20:20:20,238] INFO [GroupCoordinator id=1] Finished unloading metadata for __consumer_offsets-8 with epoch OptionalInt[1]. (org.apache.kafka.coordinator.common.runtime.CoordinatorRuntime)
[2025-12-05 20:20:20,238] INFO [GroupCoordinator id=1] Started unloading metadata for __consumer_offsets-37 with epoch OptionalInt[1]. (org.apache.kafka.coordinator.common.runtime.CoordinatorRuntime)
[2025-12-05 20:20:20,238] INFO [GroupCoordinator id=1] Scheduling unloading of metadata for __consumer_offsets-4 with epoch OptionalInt[1] (org.apache.kafka.coordinator.common.runtime.CoordinatorRuntime)
[2025-12-05 20:20:20,239] INFO [GroupCoordinator id=1 topic=__consumer_offsets partition=37] [GroupId=console-consumer-3230] Unloading group metadata for generation 2. (org.apache.kafka.coordinator.group.GroupMetadataManager)
[2025-12-05 20:20:20,239] INFO [GroupCoordinator id=1] Started unloading metadata for __consumer_offsets-4 with epoch OptionalInt[1]. (org.apache.kafka.coordinator.common.runtime.CoordinatorRuntime)
[2025-12-05 20:20:20,239] INFO [GroupCoordinator id=1] Scheduling unloading of metadata for __consumer_offsets-33 with epoch OptionalInt[1] (org.apache.kafka.coordinator.common.runtime.CoordinatorRuntime)
[2025-12-05 20:20:20,239] INFO [GroupCoordinator id=1] Finished unloading metadata for __consumer_offsets-37 with epoch OptionalInt[1]. (org.apache.kafka.coordinator.common.runtime.CoordinatorRuntime)
[2025-12-05 20:20:20,239] INFO [GroupCoordinator id=1] Finished unloading metadata for __consumer_offsets-4 with epoch OptionalInt[1]. (org.apache.kafka.coordinator.common.runtime.CoordinatorRuntime)
[2025-12-05 20:20:20,239] INFO [GroupCoordinator id=1] Started unloading metadata for __consumer_offsets-33 with epoch OptionalInt[1]. (org.apache.kafka.coordinator.common.runtime.CoordinatorRuntime)
[2025-12-05 20:20:20,239] INFO [GroupCoordinator id=1] Scheduling unloading of metadata for __consumer_offsets-15 with epoch OptionalInt[1] (org.apache.kafka.coordinator.common.runtime.CoordinatorRuntime)
[2025-12-05 20:20:20,240] INFO [GroupCoordinator id=1] Finished unloading metadata for __consumer_offsets-33 with epoch OptionalInt[1]. (org.apache.kafka.coordinator.common.runtime.CoordinatorRuntime)
[2025-12-05 20:20:20,240] INFO [GroupCoordinator id=1] Started unloading metadata for __consumer_offsets-15 with epoch OptionalInt[1]. (org.apache.kafka.coordinator.common.runtime.CoordinatorRuntime)
[2025-12-05 20:20:20,240] INFO [GroupCoordinator id=1] Scheduling unloading of metadata for __consumer_offsets-48 with epoch OptionalInt[1] (org.apache.kafka.coordinator.common.runtime.CoordinatorRuntime)
[2025-12-05 20:20:20,240] INFO [GroupCoordinator id=1] Finished unloading metadata for __consumer_offsets-15 with epoch OptionalInt[1]. (org.apache.kafka.coordinator.common.runtime.CoordinatorRuntime)
[2025-12-05 20:20:20,241] INFO [GroupCoordinator id=1] Started unloading metadata for __consumer_offsets-48 with epoch OptionalInt[1]. (org.apache.kafka.coordinator.common.runtime.CoordinatorRuntime)
[2025-12-05 20:20:20,241] INFO [GroupCoordinator id=1] Scheduling unloading of metadata for __consumer_offsets-11 with epoch OptionalInt[1] (org.apache.kafka.coordinator.common.runtime.CoordinatorRuntime)
[2025-12-05 20:20:20,241] INFO [GroupCoordinator id=1] Finished unloading metadata for __consumer_offsets-48 with epoch OptionalInt[1]. (org.apache.kafka.coordinator.common.runtime.CoordinatorRuntime)
[2025-12-05 20:20:20,241] INFO [GroupCoordinator id=1] Started unloading metadata for __consumer_offsets-11 with epoch OptionalInt[1]. (org.apache.kafka.coordinator.common.runtime.CoordinatorRuntime)
[2025-12-05 20:20:20,241] INFO [GroupCoordinator id=1] Scheduling unloading of metadata for __consumer_offsets-44 with epoch OptionalInt[1] (org.apache.kafka.coordinator.common.runtime.CoordinatorRuntime)
[2025-12-05 20:20:20,241] INFO [GroupCoordinator id=1] Finished unloading metadata for __consumer_offsets-11 with epoch OptionalInt[1]. (org.apache.kafka.coordinator.common.runtime.CoordinatorRuntime)
[2025-12-05 20:20:20,242] INFO [GroupCoordinator id=1] Started unloading metadata for __consumer_offsets-44 with epoch OptionalInt[1]. (org.apache.kafka.coordinator.common.runtime.CoordinatorRuntime)
[2025-12-05 20:20:20,242] INFO [GroupCoordinator id=1] Scheduling unloading of metadata for __consumer_offsets-23 with epoch OptionalInt[1] (org.apache.kafka.coordinator.common.runtime.CoordinatorRuntime)
[2025-12-05 20:20:20,242] INFO [GroupCoordinator id=1] Finished unloading metadata for __consumer_offsets-44 with epoch OptionalInt[1]. (org.apache.kafka.coordinator.common.runtime.CoordinatorRuntime)
[2025-12-05 20:20:20,242] INFO [GroupCoordinator id=1] Started unloading metadata for __consumer_offsets-23 with epoch OptionalInt[1]. (org.apache.kafka.coordinator.common.runtime.CoordinatorRuntime)
[2025-12-05 20:20:20,242] INFO [GroupCoordinator id=1] Scheduling unloading of metadata for __consumer_offsets-19 with epoch OptionalInt[1] (org.apache.kafka.coordinator.common.runtime.CoordinatorRuntime)
[2025-12-05 20:20:20,242] INFO [GroupCoordinator id=1] Finished unloading metadata for __consumer_offsets-23 with epoch OptionalInt[1]. (org.apache.kafka.coordinator.common.runtime.CoordinatorRuntime)
[2025-12-05 20:20:20,242] INFO [GroupCoordinator id=1] Started unloading metadata for __consumer_offsets-19 with epoch OptionalInt[1]. (org.apache.kafka.coordinator.common.runtime.CoordinatorRuntime)
[2025-12-05 20:20:20,242] INFO [GroupCoordinator id=1] Scheduling unloading of metadata for __consumer_offsets-32 with epoch OptionalInt[1] (org.apache.kafka.coordinator.common.runtime.CoordinatorRuntime)
[2025-12-05 20:20:20,243] INFO [GroupCoordinator id=1] Finished unloading metadata for __consumer_offsets-19 with epoch OptionalInt[1]. (org.apache.kafka.coordinator.common.runtime.CoordinatorRuntime)
[2025-12-05 20:20:20,243] INFO [GroupCoordinator id=1] Started unloading metadata for __consumer_offsets-32 with epoch OptionalInt[1]. (org.apache.kafka.coordinator.common.runtime.CoordinatorRuntime)
[2025-12-05 20:20:20,243] INFO [GroupCoordinator id=1] Scheduling unloading of metadata for __consumer_offsets-28 with epoch OptionalInt[1] (org.apache.kafka.coordinator.common.runtime.CoordinatorRuntime)
[2025-12-05 20:20:20,243] INFO [GroupCoordinator id=1] Finished unloading metadata for __consumer_offsets-32 with epoch OptionalInt[1]. (org.apache.kafka.coordinator.common.runtime.CoordinatorRuntime)
[2025-12-05 20:20:20,243] INFO [GroupCoordinator id=1] Scheduling unloading of metadata for __consumer_offsets-7 with epoch OptionalInt[1] (org.apache.kafka.coordinator.common.runtime.CoordinatorRuntime)
[2025-12-05 20:20:20,243] INFO [GroupCoordinator id=1] Started unloading metadata for __consumer_offsets-28 with epoch OptionalInt[1]. (org.apache.kafka.coordinator.common.runtime.CoordinatorRuntime)
[2025-12-05 20:20:20,244] INFO [GroupCoordinator id=1] Started unloading metadata for __consumer_offsets-7 with epoch OptionalInt[1]. (org.apache.kafka.coordinator.common.runtime.CoordinatorRuntime)
[2025-12-05 20:20:20,244] INFO [GroupCoordinator id=1] Scheduling unloading of metadata for __consumer_offsets-40 with epoch OptionalInt[1] (org.apache.kafka.coordinator.common.runtime.CoordinatorRuntime)
[2025-12-05 20:20:20,244] INFO [GroupCoordinator id=1] Finished unloading metadata for __consumer_offsets-28 with epoch OptionalInt[1]. (org.apache.kafka.coordinator.common.runtime.CoordinatorRuntime)
[2025-12-05 20:20:20,244] INFO [GroupCoordinator id=1] Finished unloading metadata for __consumer_offsets-7 with epoch OptionalInt[1]. (org.apache.kafka.coordinator.common.runtime.CoordinatorRuntime)
[2025-12-05 20:20:20,244] INFO [GroupCoordinator id=1] Started unloading metadata for __consumer_offsets-40 with epoch OptionalInt[1]. (org.apache.kafka.coordinator.common.runtime.CoordinatorRuntime)
[2025-12-05 20:20:20,244] INFO [GroupCoordinator id=1] Scheduling unloading of metadata for __consumer_offsets-3 with epoch OptionalInt[1] (org.apache.kafka.coordinator.common.runtime.CoordinatorRuntime)
[2025-12-05 20:20:20,245] INFO [GroupCoordinator id=1] Finished unloading metadata for __consumer_offsets-40 with epoch OptionalInt[1]. (org.apache.kafka.coordinator.common.runtime.CoordinatorRuntime)
[2025-12-05 20:20:20,245] INFO [GroupCoordinator id=1] Started unloading metadata for __consumer_offsets-3 with epoch OptionalInt[1]. (org.apache.kafka.coordinator.common.runtime.CoordinatorRuntime)
[2025-12-05 20:20:20,245] INFO [GroupCoordinator id=1] Scheduling unloading of metadata for __consumer_offsets-36 with epoch OptionalInt[1] (org.apache.kafka.coordinator.common.runtime.CoordinatorRuntime)
[2025-12-05 20:20:20,245] INFO [GroupCoordinator id=1] Finished unloading metadata for __consumer_offsets-3 with epoch OptionalInt[1]. (org.apache.kafka.coordinator.common.runtime.CoordinatorRuntime)
[2025-12-05 20:20:20,245] INFO [GroupCoordinator id=1] Started unloading metadata for __consumer_offsets-36 with epoch OptionalInt[1]. (org.apache.kafka.coordinator.common.runtime.CoordinatorRuntime)
[2025-12-05 20:20:20,245] INFO [GroupCoordinator id=1] Scheduling unloading of metadata for __consumer_offsets-47 with epoch OptionalInt[1] (org.apache.kafka.coordinator.common.runtime.CoordinatorRuntime)
[2025-12-05 20:20:20,246] INFO [GroupCoordinator id=1] Finished unloading metadata for __consumer_offsets-36 with epoch OptionalInt[1]. (org.apache.kafka.coordinator.common.runtime.CoordinatorRuntime)
[2025-12-05 20:20:20,246] INFO [GroupCoordinator id=1] Started unloading metadata for __consumer_offsets-47 with epoch OptionalInt[1]. (org.apache.kafka.coordinator.common.runtime.CoordinatorRuntime)
[2025-12-05 20:20:20,246] INFO [GroupCoordinator id=1] Scheduling unloading of metadata for __consumer_offsets-14 with epoch OptionalInt[1] (org.apache.kafka.coordinator.common.runtime.CoordinatorRuntime)
[2025-12-05 20:20:20,246] INFO [GroupCoordinator id=1] Finished unloading metadata for __consumer_offsets-47 with epoch OptionalInt[1]. (org.apache.kafka.coordinator.common.runtime.CoordinatorRuntime)
[2025-12-05 20:20:20,246] INFO [GroupCoordinator id=1] Started unloading metadata for __consumer_offsets-14 with epoch OptionalInt[1]. (org.apache.kafka.coordinator.common.runtime.CoordinatorRuntime)
[2025-12-05 20:20:20,246] INFO [GroupCoordinator id=1] Scheduling unloading of metadata for __consumer_offsets-43 with epoch OptionalInt[1] (org.apache.kafka.coordinator.common.runtime.CoordinatorRuntime)
[2025-12-05 20:20:20,247] INFO [GroupCoordinator id=1] Finished unloading metadata for __consumer_offsets-14 with epoch OptionalInt[1]. (org.apache.kafka.coordinator.common.runtime.CoordinatorRuntime)
[2025-12-05 20:20:20,247] INFO [GroupCoordinator id=1] Started unloading metadata for __consumer_offsets-43 with epoch OptionalInt[1]. (org.apache.kafka.coordinator.common.runtime.CoordinatorRuntime)
[2025-12-05 20:20:20,247] INFO [GroupCoordinator id=1] Scheduling unloading of metadata for __consumer_offsets-10 with epoch OptionalInt[1] (org.apache.kafka.coordinator.common.runtime.CoordinatorRuntime)
[2025-12-05 20:20:20,247] INFO [GroupCoordinator id=1] Finished unloading metadata for __consumer_offsets-43 with epoch OptionalInt[1]. (org.apache.kafka.coordinator.common.runtime.CoordinatorRuntime)
[2025-12-05 20:20:20,247] INFO [GroupCoordinator id=1] Started unloading metadata for __consumer_offsets-10 with epoch OptionalInt[1]. (org.apache.kafka.coordinator.common.runtime.CoordinatorRuntime)
[2025-12-05 20:20:20,247] INFO [GroupCoordinator id=1] Scheduling unloading of metadata for __consumer_offsets-22 with epoch OptionalInt[1] (org.apache.kafka.coordinator.common.runtime.CoordinatorRuntime)
[2025-12-05 20:20:20,248] INFO [GroupCoordinator id=1] Finished unloading metadata for __consumer_offsets-10 with epoch OptionalInt[1]. (org.apache.kafka.coordinator.common.runtime.CoordinatorRuntime)
[2025-12-05 20:20:20,248] INFO [GroupCoordinator id=1] Started unloading metadata for __consumer_offsets-22 with epoch OptionalInt[1]. (org.apache.kafka.coordinator.common.runtime.CoordinatorRuntime)
[2025-12-05 20:20:20,248] INFO [GroupCoordinator id=1] Scheduling unloading of metadata for __consumer_offsets-18 with epoch OptionalInt[1] (org.apache.kafka.coordinator.common.runtime.CoordinatorRuntime)
[2025-12-05 20:20:20,248] INFO [GroupCoordinator id=1] Finished unloading metadata for __consumer_offsets-22 with epoch OptionalInt[1]. (org.apache.kafka.coordinator.common.runtime.CoordinatorRuntime)
[2025-12-05 20:20:20,248] INFO [GroupCoordinator id=1] Started unloading metadata for __consumer_offsets-18 with epoch OptionalInt[1]. (org.apache.kafka.coordinator.common.runtime.CoordinatorRuntime)
[2025-12-05 20:20:20,248] INFO [GroupCoordinator id=1] Scheduling unloading of metadata for __consumer_offsets-31 with epoch OptionalInt[1] (org.apache.kafka.coordinator.common.runtime.CoordinatorRuntime)
[2025-12-05 20:20:20,249] INFO [GroupCoordinator id=1] Finished unloading metadata for __consumer_offsets-18 with epoch OptionalInt[1]. (org.apache.kafka.coordinator.common.runtime.CoordinatorRuntime)
[2025-12-05 20:20:20,249] INFO [GroupCoordinator id=1] Started unloading metadata for __consumer_offsets-31 with epoch OptionalInt[1]. (org.apache.kafka.coordinator.common.runtime.CoordinatorRuntime)
[2025-12-05 20:20:20,249] INFO [GroupCoordinator id=1] Scheduling unloading of metadata for __consumer_offsets-27 with epoch OptionalInt[1] (org.apache.kafka.coordinator.common.runtime.CoordinatorRuntime)
[2025-12-05 20:20:20,249] INFO [GroupCoordinator id=1] Finished unloading metadata for __consumer_offsets-31 with epoch OptionalInt[1]. (org.apache.kafka.coordinator.common.runtime.CoordinatorRuntime)
[2025-12-05 20:20:20,249] INFO [GroupCoordinator id=1] Started unloading metadata for __consumer_offsets-27 with epoch OptionalInt[1]. (org.apache.kafka.coordinator.common.runtime.CoordinatorRuntime)
[2025-12-05 20:20:20,249] INFO [GroupCoordinator id=1] Scheduling unloading of metadata for __consumer_offsets-39 with epoch OptionalInt[1] (org.apache.kafka.coordinator.common.runtime.CoordinatorRuntime)
[2025-12-05 20:20:20,250] INFO [GroupCoordinator id=1] Finished unloading metadata for __consumer_offsets-27 with epoch OptionalInt[1]. (org.apache.kafka.coordinator.common.runtime.CoordinatorRuntime)
[2025-12-05 20:20:20,250] INFO [GroupCoordinator id=1] Started unloading metadata for __consumer_offsets-39 with epoch OptionalInt[1]. (org.apache.kafka.coordinator.common.runtime.CoordinatorRuntime)
[2025-12-05 20:20:20,250] INFO [GroupCoordinator id=1] Scheduling unloading of metadata for __consumer_offsets-6 with epoch OptionalInt[1] (org.apache.kafka.coordinator.common.runtime.CoordinatorRuntime)
[2025-12-05 20:20:20,250] INFO [GroupCoordinator id=1] Finished unloading metadata for __consumer_offsets-39 with epoch OptionalInt[1]. (org.apache.kafka.coordinator.common.runtime.CoordinatorRuntime)
[2025-12-05 20:20:20,250] INFO [GroupCoordinator id=1] Started unloading metadata for __consumer_offsets-6 with epoch OptionalInt[1]. (org.apache.kafka.coordinator.common.runtime.CoordinatorRuntime)
[2025-12-05 20:20:20,250] INFO [GroupCoordinator id=1] Scheduling unloading of metadata for __consumer_offsets-35 with epoch OptionalInt[1] (org.apache.kafka.coordinator.common.runtime.CoordinatorRuntime)
[2025-12-05 20:20:20,251] INFO [GroupCoordinator id=1] Finished unloading metadata for __consumer_offsets-6 with epoch OptionalInt[1]. (org.apache.kafka.coordinator.common.runtime.CoordinatorRuntime)
[2025-12-05 20:20:20,251] INFO [GroupCoordinator id=1] Started unloading metadata for __consumer_offsets-35 with epoch OptionalInt[1]. (org.apache.kafka.coordinator.common.runtime.CoordinatorRuntime)
[2025-12-05 20:20:20,251] INFO [GroupCoordinator id=1] Scheduling unloading of metadata for __consumer_offsets-2 with epoch OptionalInt[1] (org.apache.kafka.coordinator.common.runtime.CoordinatorRuntime)
[2025-12-05 20:20:20,251] INFO [GroupCoordinator id=1] Finished unloading metadata for __consumer_offsets-35 with epoch OptionalInt[1]. (org.apache.kafka.coordinator.common.runtime.CoordinatorRuntime)
[2025-12-05 20:20:20,251] INFO [GroupCoordinator id=1] Started unloading metadata for __consumer_offsets-2 with epoch OptionalInt[1]. (org.apache.kafka.coordinator.common.runtime.CoordinatorRuntime)
[2025-12-05 20:20:20,251] INFO [GroupCoordinator id=1] Finished unloading metadata for __consumer_offsets-2 with epoch OptionalInt[1]. (org.apache.kafka.coordinator.common.runtime.CoordinatorRuntime)
[2025-12-05 20:20:20,288] INFO [BrokerLifecycleManager id=1] The controller has asked us to exit controlled shutdown. (kafka.server.BrokerLifecycleManager)
[2025-12-05 20:20:20,288] INFO [BrokerLifecycleManager id=1] beginShutdown: shutting down event queue. (org.apache.kafka.queue.KafkaEventQueue)
[2025-12-05 20:20:20,289] INFO [BrokerLifecycleManager id=1] Transitioning from PENDING_CONTROLLED_SHUTDOWN to SHUTTING_DOWN. (kafka.server.BrokerLifecycleManager)
[2025-12-05 20:20:20,289] INFO [broker-1-to-controller-heartbeat-channel-manager]: Shutting down (kafka.server.NodeToControllerRequestThread)
[2025-12-05 20:20:20,289] INFO [SocketServer listenerType=BROKER, nodeId=1] Stopping socket server request processors (kafka.network.SocketServer)
[2025-12-05 20:20:20,289] INFO [broker-1-to-controller-heartbeat-channel-manager]: Shutdown completed (kafka.server.NodeToControllerRequestThread)
[2025-12-05 20:20:20,289] INFO [broker-1-to-controller-heartbeat-channel-manager]: Stopped (kafka.server.NodeToControllerRequestThread)
[2025-12-05 20:20:20,292] INFO Node to controller channel manager for heartbeat shutdown (kafka.server.NodeToControllerChannelManagerImpl)
[2025-12-05 20:20:20,294] INFO [SocketServer listenerType=BROKER, nodeId=1] Stopped socket server request processors (kafka.network.SocketServer)
[2025-12-05 20:20:20,295] INFO [data-plane Kafka Request Handler on Broker 1] shutting down (kafka.server.KafkaRequestHandlerPool)
[2025-12-05 20:20:20,296] INFO [data-plane Kafka Request Handler on Broker 1] shut down completely (kafka.server.KafkaRequestHandlerPool)
[2025-12-05 20:20:20,296] INFO [ExpirationReaper-1-AlterAcls]: Shutting down (org.apache.kafka.server.purgatory.DelayedOperationPurgatory$ExpiredOperationReaper)
[2025-12-05 20:20:20,297] INFO [ExpirationReaper-1-AlterAcls]: Stopped (org.apache.kafka.server.purgatory.DelayedOperationPurgatory$ExpiredOperationReaper)
[2025-12-05 20:20:20,297] INFO [ExpirationReaper-1-AlterAcls]: Shutdown completed (org.apache.kafka.server.purgatory.DelayedOperationPurgatory$ExpiredOperationReaper)
[2025-12-05 20:20:20,298] INFO [KafkaApi-1] Shutdown complete. (kafka.server.KafkaApis)
[2025-12-05 20:20:20,299] INFO [TransactionCoordinator id=1] Shutting down. (kafka.coordinator.transaction.TransactionCoordinator)
[2025-12-05 20:20:20,300] INFO [Transaction State Manager 1]: Shutdown complete (kafka.coordinator.transaction.TransactionStateManager)
[2025-12-05 20:20:20,300] INFO [TxnMarkerSenderThread-1]: Shutting down (kafka.coordinator.transaction.TransactionMarkerChannelManager)
[2025-12-05 20:20:20,300] INFO [TxnMarkerSenderThread-1]: Stopped (kafka.coordinator.transaction.TransactionMarkerChannelManager)
[2025-12-05 20:20:20,300] INFO [TxnMarkerSenderThread-1]: Shutdown completed (kafka.coordinator.transaction.TransactionMarkerChannelManager)
[2025-12-05 20:20:20,302] INFO [TransactionCoordinator id=1] Shutdown complete. (kafka.coordinator.transaction.TransactionCoordinator)
[2025-12-05 20:20:20,302] INFO [GroupCoordinator id=1] Shutting down. (org.apache.kafka.coordinator.group.GroupCoordinatorService)
[2025-12-05 20:20:20,302] INFO [GroupCoordinator id=1] Closing coordinator runtime. (org.apache.kafka.coordinator.common.runtime.CoordinatorRuntime)
[2025-12-05 20:20:20,302] INFO [group-coordinator-reaper]: Shutting down (org.apache.kafka.server.util.timer.SystemTimerReaper$Reaper)
[2025-12-05 20:20:20,303] INFO [group-coordinator-reaper]: Stopped (org.apache.kafka.server.util.timer.SystemTimerReaper$Reaper)
[2025-12-05 20:20:20,303] INFO [group-coordinator-reaper]: Shutdown completed (org.apache.kafka.server.util.timer.SystemTimerReaper$Reaper)
[2025-12-05 20:20:20,304] INFO [GroupCoordinator id=1] Shutting down event processor. (org.apache.kafka.coordinator.common.runtime.MultiThreadedEventProcessor)
[2025-12-05 20:20:20,304] INFO [group-coordinator-event-processor-2]: Shutting down. Draining the remaining events. (org.apache.kafka.coordinator.common.runtime.MultiThreadedEventProcessor$EventProcessorThread)
[2025-12-05 20:20:20,304] INFO [group-coordinator-event-processor-3]: Shutting down. Draining the remaining events. (org.apache.kafka.coordinator.common.runtime.MultiThreadedEventProcessor$EventProcessorThread)
[2025-12-05 20:20:20,304] INFO [group-coordinator-event-processor-0]: Shutting down. Draining the remaining events. (org.apache.kafka.coordinator.common.runtime.MultiThreadedEventProcessor$EventProcessorThread)
[2025-12-05 20:20:20,304] INFO [group-coordinator-event-processor-1]: Shutting down. Draining the remaining events. (org.apache.kafka.coordinator.common.runtime.MultiThreadedEventProcessor$EventProcessorThread)
[2025-12-05 20:20:20,304] INFO [group-coordinator-event-processor-3]: Shutdown completed (org.apache.kafka.coordinator.common.runtime.MultiThreadedEventProcessor$EventProcessorThread)
[2025-12-05 20:20:20,304] INFO [group-coordinator-event-processor-2]: Shutdown completed (org.apache.kafka.coordinator.common.runtime.MultiThreadedEventProcessor$EventProcessorThread)
[2025-12-05 20:20:20,305] INFO [group-coordinator-event-processor-1]: Shutdown completed (org.apache.kafka.coordinator.common.runtime.MultiThreadedEventProcessor$EventProcessorThread)
[2025-12-05 20:20:20,304] INFO [group-coordinator-event-processor-0]: Shutdown completed (org.apache.kafka.coordinator.common.runtime.MultiThreadedEventProcessor$EventProcessorThread)
[2025-12-05 20:20:20,305] INFO [GroupCoordinator id=1] Event processor closed. (org.apache.kafka.coordinator.common.runtime.MultiThreadedEventProcessor)
[2025-12-05 20:20:20,306] INFO [GroupCoordinator id=1] Coordinator runtime closed. (org.apache.kafka.coordinator.common.runtime.CoordinatorRuntime)
[2025-12-05 20:20:20,306] INFO [GroupCoordinator id=1] Shutdown complete. (org.apache.kafka.coordinator.group.GroupCoordinatorService)
[2025-12-05 20:20:20,307] INFO [ShareCoordinator id=1] Shutting down. (org.apache.kafka.coordinator.share.ShareCoordinatorService)
[2025-12-05 20:20:20,307] INFO [ShareCoordinator id=1] Closing coordinator runtime. (org.apache.kafka.coordinator.common.runtime.CoordinatorRuntime)
[2025-12-05 20:20:20,307] INFO [share-coordinator-reaper]: Shutting down (org.apache.kafka.server.util.timer.SystemTimerReaper$Reaper)
[2025-12-05 20:20:20,307] INFO [share-coordinator-reaper]: Stopped (org.apache.kafka.server.util.timer.SystemTimerReaper$Reaper)
[2025-12-05 20:20:20,307] INFO [share-coordinator-reaper]: Shutdown completed (org.apache.kafka.server.util.timer.SystemTimerReaper$Reaper)
[2025-12-05 20:20:20,308] INFO [ShareCoordinator id=1] Shutting down event processor. (org.apache.kafka.coordinator.common.runtime.MultiThreadedEventProcessor)
[2025-12-05 20:20:20,308] INFO [share-coordinator-event-processor-0]: Shutting down. Draining the remaining events. (org.apache.kafka.coordinator.common.runtime.MultiThreadedEventProcessor$EventProcessorThread)
[2025-12-05 20:20:20,308] INFO [share-coordinator-event-processor-0]: Shutdown completed (org.apache.kafka.coordinator.common.runtime.MultiThreadedEventProcessor$EventProcessorThread)
[2025-12-05 20:20:20,308] INFO [ShareCoordinator id=1] Event processor closed. (org.apache.kafka.coordinator.common.runtime.MultiThreadedEventProcessor)
[2025-12-05 20:20:20,309] INFO [ShareCoordinator id=1] Coordinator runtime closed. (org.apache.kafka.coordinator.common.runtime.CoordinatorRuntime)
[2025-12-05 20:20:20,310] INFO [ShareCoordinator id=1] Shutdown complete. (org.apache.kafka.coordinator.share.ShareCoordinatorService)
[2025-12-05 20:20:20,310] INFO [AssignmentsManager id=1]KafkaEventQueue#close: shutting down event queue. (org.apache.kafka.queue.KafkaEventQueue)
[2025-12-05 20:20:20,310] INFO [AssignmentsManager id=1] shutting down. (org.apache.kafka.server.AssignmentsManager)
[2025-12-05 20:20:20,310] INFO [broker-1-to-controller-directory-assignments-channel-manager]: Shutting down (kafka.server.NodeToControllerRequestThread)
[2025-12-05 20:20:20,311] INFO [broker-1-to-controller-directory-assignments-channel-manager]: Stopped (kafka.server.NodeToControllerRequestThread)
[2025-12-05 20:20:20,311] INFO [broker-1-to-controller-directory-assignments-channel-manager]: Shutdown completed (kafka.server.NodeToControllerRequestThread)
[2025-12-05 20:20:20,311] INFO Node to controller channel manager for directory-assignments shutdown (kafka.server.NodeToControllerChannelManagerImpl)
[2025-12-05 20:20:20,311] INFO [AssignmentsManager id=1]closed event queue. (org.apache.kafka.queue.KafkaEventQueue)
[2025-12-05 20:20:20,312] INFO [ReplicaManager broker=1] Shutting down (kafka.server.ReplicaManager)
[2025-12-05 20:20:20,312] INFO [LogDirFailureHandler]: Shutting down (kafka.server.ReplicaManager$LogDirFailureHandler)
[2025-12-05 20:20:20,312] INFO [LogDirFailureHandler]: Stopped (kafka.server.ReplicaManager$LogDirFailureHandler)
[2025-12-05 20:20:20,312] INFO [LogDirFailureHandler]: Shutdown completed (kafka.server.ReplicaManager$LogDirFailureHandler)
[2025-12-05 20:20:20,313] INFO [ReplicaFetcherManager on broker 1] shutting down (kafka.server.ReplicaFetcherManager)
[2025-12-05 20:20:20,313] INFO [ReplicaFetcherManager on broker 1] shutdown completed (kafka.server.ReplicaFetcherManager)
[2025-12-05 20:20:20,313] INFO [ReplicaAlterLogDirsManager on broker 1] shutting down (kafka.server.ReplicaAlterLogDirsManager)
[2025-12-05 20:20:20,314] INFO [ReplicaAlterLogDirsManager on broker 1] shutdown completed (kafka.server.ReplicaAlterLogDirsManager)
[2025-12-05 20:20:20,314] INFO [ExpirationReaper-1-Fetch]: Shutting down (org.apache.kafka.server.purgatory.DelayedOperationPurgatory$ExpiredOperationReaper)
[2025-12-05 20:20:20,314] INFO [ExpirationReaper-1-Fetch]: Stopped (org.apache.kafka.server.purgatory.DelayedOperationPurgatory$ExpiredOperationReaper)
[2025-12-05 20:20:20,314] INFO [ExpirationReaper-1-Fetch]: Shutdown completed (org.apache.kafka.server.purgatory.DelayedOperationPurgatory$ExpiredOperationReaper)
[2025-12-05 20:20:20,315] INFO [ExpirationReaper-1-RemoteFetch]: Shutting down (org.apache.kafka.server.purgatory.DelayedOperationPurgatory$ExpiredOperationReaper)
[2025-12-05 20:20:20,315] INFO [ExpirationReaper-1-RemoteFetch]: Stopped (org.apache.kafka.server.purgatory.DelayedOperationPurgatory$ExpiredOperationReaper)
[2025-12-05 20:20:20,315] INFO [ExpirationReaper-1-RemoteFetch]: Shutdown completed (org.apache.kafka.server.purgatory.DelayedOperationPurgatory$ExpiredOperationReaper)
[2025-12-05 20:20:20,315] INFO [ExpirationReaper-1-RemoteListOffsets]: Shutting down (org.apache.kafka.server.purgatory.DelayedOperationPurgatory$ExpiredOperationReaper)
[2025-12-05 20:20:20,316] INFO [ExpirationReaper-1-RemoteListOffsets]: Stopped (org.apache.kafka.server.purgatory.DelayedOperationPurgatory$ExpiredOperationReaper)
[2025-12-05 20:20:20,316] INFO [ExpirationReaper-1-RemoteListOffsets]: Shutdown completed (org.apache.kafka.server.purgatory.DelayedOperationPurgatory$ExpiredOperationReaper)
[2025-12-05 20:20:20,316] INFO [ExpirationReaper-1-Produce]: Shutting down (org.apache.kafka.server.purgatory.DelayedOperationPurgatory$ExpiredOperationReaper)
[2025-12-05 20:20:20,317] INFO [ExpirationReaper-1-Produce]: Stopped (org.apache.kafka.server.purgatory.DelayedOperationPurgatory$ExpiredOperationReaper)
[2025-12-05 20:20:20,317] INFO [ExpirationReaper-1-Produce]: Shutdown completed (org.apache.kafka.server.purgatory.DelayedOperationPurgatory$ExpiredOperationReaper)
[2025-12-05 20:20:20,317] INFO [ExpirationReaper-1-DeleteRecords]: Shutting down (org.apache.kafka.server.purgatory.DelayedOperationPurgatory$ExpiredOperationReaper)
[2025-12-05 20:20:20,318] INFO [ExpirationReaper-1-DeleteRecords]: Stopped (org.apache.kafka.server.purgatory.DelayedOperationPurgatory$ExpiredOperationReaper)
[2025-12-05 20:20:20,318] INFO [ExpirationReaper-1-DeleteRecords]: Shutdown completed (org.apache.kafka.server.purgatory.DelayedOperationPurgatory$ExpiredOperationReaper)
[2025-12-05 20:20:20,318] INFO [ExpirationReaper-1-ShareFetch]: Shutting down (org.apache.kafka.server.purgatory.DelayedOperationPurgatory$ExpiredOperationReaper)
[2025-12-05 20:20:20,319] INFO [ExpirationReaper-1-ShareFetch]: Stopped (org.apache.kafka.server.purgatory.DelayedOperationPurgatory$ExpiredOperationReaper)
[2025-12-05 20:20:20,319] INFO [ExpirationReaper-1-ShareFetch]: Shutdown completed (org.apache.kafka.server.purgatory.DelayedOperationPurgatory$ExpiredOperationReaper)
[2025-12-05 20:20:20,334] INFO [AddPartitionsToTxnSenderThread-1]: Shutting down (org.apache.kafka.server.transaction.AddPartitionsToTxnManager)
[2025-12-05 20:20:20,335] INFO [AddPartitionsToTxnSenderThread-1]: Stopped (org.apache.kafka.server.transaction.AddPartitionsToTxnManager)
[2025-12-05 20:20:20,335] INFO [AddPartitionsToTxnSenderThread-1]: Shutdown completed (org.apache.kafka.server.transaction.AddPartitionsToTxnManager)
[2025-12-05 20:20:20,335] INFO [ReplicaManager broker=1] Shut down completely (kafka.server.ReplicaManager)
[2025-12-05 20:20:20,336] INFO [broker-1-to-controller-alter-partition-channel-manager]: Shutting down (kafka.server.NodeToControllerRequestThread)
[2025-12-05 20:20:20,336] INFO [broker-1-to-controller-alter-partition-channel-manager]: Stopped (kafka.server.NodeToControllerRequestThread)
[2025-12-05 20:20:20,336] INFO [broker-1-to-controller-alter-partition-channel-manager]: Shutdown completed (kafka.server.NodeToControllerRequestThread)
[2025-12-05 20:20:20,336] INFO Node to controller channel manager for alter-partition shutdown (kafka.server.NodeToControllerChannelManagerImpl)
[2025-12-05 20:20:20,337] INFO [broker-1-to-controller-forwarding-channel-manager]: Shutting down (kafka.server.NodeToControllerRequestThread)
[2025-12-05 20:20:20,337] INFO [broker-1-to-controller-forwarding-channel-manager]: Stopped (kafka.server.NodeToControllerRequestThread)
[2025-12-05 20:20:20,337] INFO [broker-1-to-controller-forwarding-channel-manager]: Shutdown completed (kafka.server.NodeToControllerRequestThread)
[2025-12-05 20:20:20,337] INFO Node to controller channel manager for forwarding shutdown (kafka.server.NodeToControllerChannelManagerImpl)
[2025-12-05 20:20:20,338] INFO Shutting down. (kafka.log.LogManager)
[2025-12-05 20:20:20,511] INFO [ProducerStateManager partition=__consumer_offsets-41] Wrote producer snapshot at offset 6 with 0 producer ids in 8 ms. (org.apache.kafka.storage.internals.log.ProducerStateManager)
[2025-12-05 20:20:20,530] INFO [ProducerStateManager partition=__consumer_offsets-37] Wrote producer snapshot at offset 3 with 0 producer ids in 5 ms. (org.apache.kafka.storage.internals.log.ProducerStateManager)
[2025-12-05 20:20:20,818] INFO [ProducerStateManager partition=test-topic-0] Wrote producer snapshot at offset 2 with 1 producer ids in 5 ms. (org.apache.kafka.storage.internals.log.ProducerStateManager)
[2025-12-05 20:20:21,037] INFO Shutdown complete. (kafka.log.LogManager)
[2025-12-05 20:20:21,037] INFO [broker-1-ThrottledChannelReaper-Fetch]: Shutting down (kafka.server.ClientQuotaManager$ThrottledChannelReaper)
[2025-12-05 20:20:21,038] INFO [broker-1-ThrottledChannelReaper-Fetch]: Stopped (kafka.server.ClientQuotaManager$ThrottledChannelReaper)
[2025-12-05 20:20:21,038] INFO [broker-1-ThrottledChannelReaper-Fetch]: Shutdown completed (kafka.server.ClientQuotaManager$ThrottledChannelReaper)
[2025-12-05 20:20:21,039] INFO [broker-1-ThrottledChannelReaper-Produce]: Shutting down (kafka.server.ClientQuotaManager$ThrottledChannelReaper)
[2025-12-05 20:20:21,039] INFO [broker-1-ThrottledChannelReaper-Produce]: Stopped (kafka.server.ClientQuotaManager$ThrottledChannelReaper)
[2025-12-05 20:20:21,039] INFO [broker-1-ThrottledChannelReaper-Produce]: Shutdown completed (kafka.server.ClientQuotaManager$ThrottledChannelReaper)
[2025-12-05 20:20:21,039] INFO [broker-1-ThrottledChannelReaper-Request]: Shutting down (kafka.server.ClientQuotaManager$ThrottledChannelReaper)
[2025-12-05 20:20:21,040] INFO [broker-1-ThrottledChannelReaper-Request]: Stopped (kafka.server.ClientQuotaManager$ThrottledChannelReaper)
[2025-12-05 20:20:21,040] INFO [broker-1-ThrottledChannelReaper-Request]: Shutdown completed (kafka.server.ClientQuotaManager$ThrottledChannelReaper)
[2025-12-05 20:20:21,040] INFO [broker-1-ThrottledChannelReaper-ControllerMutation]: Shutting down (kafka.server.ClientQuotaManager$ThrottledChannelReaper)
[2025-12-05 20:20:21,040] INFO [broker-1-ThrottledChannelReaper-ControllerMutation]: Stopped (kafka.server.ClientQuotaManager$ThrottledChannelReaper)
[2025-12-05 20:20:21,040] INFO [broker-1-ThrottledChannelReaper-ControllerMutation]: Shutdown completed (kafka.server.ClientQuotaManager$ThrottledChannelReaper)
[2025-12-05 20:20:21,041] INFO [SocketServer listenerType=BROKER, nodeId=1] Shutting down socket server (kafka.network.SocketServer)
[2025-12-05 20:20:21,047] INFO [SocketServer listenerType=BROKER, nodeId=1] Shutdown completed (kafka.network.SocketServer)
[2025-12-05 20:20:21,048] INFO Broker and topic stats closed (org.apache.kafka.storage.log.metrics.BrokerTopicStats)
[2025-12-05 20:20:21,048] INFO [share-group-lock-timeout-reaper]: Shutting down (org.apache.kafka.server.util.timer.SystemTimerReaper$Reaper)
[2025-12-05 20:20:21,048] INFO [share-group-lock-timeout-reaper]: Stopped (org.apache.kafka.server.util.timer.SystemTimerReaper$Reaper)
[2025-12-05 20:20:21,048] INFO [share-group-lock-timeout-reaper]: Shutdown completed (org.apache.kafka.server.util.timer.SystemTimerReaper$Reaper)
[2025-12-05 20:20:21,049] INFO [PersisterStateManager]: Shutting down (org.apache.kafka.server.share.persister.PersisterStateManager$SendThread)
[2025-12-05 20:20:21,049] INFO [PersisterStateManager]: Stopped (org.apache.kafka.server.share.persister.PersisterStateManager$SendThread)
[2025-12-05 20:20:21,049] INFO [PersisterStateManager]: Shutdown completed (org.apache.kafka.server.share.persister.PersisterStateManager$SendThread)
[2025-12-05 20:20:21,050] INFO [persister-state-manager-reaper]: Shutting down (org.apache.kafka.server.util.timer.SystemTimerReaper$Reaper)
[2025-12-05 20:20:21,050] INFO [persister-state-manager-reaper]: Stopped (org.apache.kafka.server.util.timer.SystemTimerReaper$Reaper)
[2025-12-05 20:20:21,050] INFO [persister-state-manager-reaper]: Shutdown completed (org.apache.kafka.server.util.timer.SystemTimerReaper$Reaper)
[2025-12-05 20:20:21,051] INFO [BrokerLifecycleManager id=1] closed event queue. (org.apache.kafka.queue.KafkaEventQueue)
[2025-12-05 20:20:21,051] INFO [client-metrics-reaper]: Shutting down (org.apache.kafka.server.util.timer.SystemTimerReaper$Reaper)
[2025-12-05 20:20:21,051] INFO [client-metrics-reaper]: Stopped (org.apache.kafka.server.util.timer.SystemTimerReaper$Reaper)
[2025-12-05 20:20:21,051] INFO [client-metrics-reaper]: Shutdown completed (org.apache.kafka.server.util.timer.SystemTimerReaper$Reaper)
[2025-12-05 20:20:21,052] INFO [BrokerServer id=1] shut down completed (kafka.server.BrokerServer)
[2025-12-05 20:20:21,052] INFO [BrokerServer id=1] Transition from SHUTTING_DOWN to SHUTDOWN (kafka.server.BrokerServer)
[2025-12-05 20:20:21,053] INFO [ControllerServer id=1] shutting down (kafka.server.ControllerServer)
[2025-12-05 20:20:21,053] INFO [raft-expiration-reaper]: Shutting down (org.apache.kafka.raft.TimingWheelExpirationService$ExpiredOperationReaper)
[2025-12-05 20:20:21,173] INFO [raft-expiration-reaper]: Stopped (org.apache.kafka.raft.TimingWheelExpirationService$ExpiredOperationReaper)
[2025-12-05 20:20:21,174] INFO [raft-expiration-reaper]: Shutdown completed (org.apache.kafka.raft.TimingWheelExpirationService$ExpiredOperationReaper)
[2025-12-05 20:20:21,174] INFO [kafka-1-raft-io-thread]: Shutting down (org.apache.kafka.raft.KafkaRaftClientDriver)
[2025-12-05 20:20:21,175] INFO [RaftManager id=1] Beginning graceful shutdown (org.apache.kafka.raft.KafkaRaftClient)
[2025-12-05 20:20:21,175] INFO [RaftManager id=1] Graceful shutdown completed (org.apache.kafka.raft.KafkaRaftClient)
[2025-12-05 20:20:21,175] INFO [RaftManager id=1] Completed graceful shutdown of RaftClient (org.apache.kafka.raft.KafkaRaftClientDriver)
[2025-12-05 20:20:21,176] INFO [kafka-1-raft-io-thread]: Stopped (org.apache.kafka.raft.KafkaRaftClientDriver)
[2025-12-05 20:20:21,176] INFO [kafka-1-raft-io-thread]: Shutdown completed (org.apache.kafka.raft.KafkaRaftClientDriver)
[2025-12-05 20:20:21,190] INFO [kafka-1-raft-outbound-request-thread]: Shutting down (org.apache.kafka.raft.KafkaNetworkChannel$SendThread)
[2025-12-05 20:20:21,190] INFO [kafka-1-raft-outbound-request-thread]: Stopped (org.apache.kafka.raft.KafkaNetworkChannel$SendThread)
[2025-12-05 20:20:21,190] INFO [kafka-1-raft-outbound-request-thread]: Shutdown completed (org.apache.kafka.raft.KafkaNetworkChannel$SendThread)
[2025-12-05 20:20:21,196] INFO [ProducerStateManager partition=__cluster_metadata-0] Wrote producer snapshot at offset 3475 with 0 producer ids in 6 ms. (org.apache.kafka.storage.internals.log.ProducerStateManager)
[2025-12-05 20:20:21,199] INFO [ControllerRegistrationManager id=1 incarnation=1o-1w6FZSnSpUZJsCRP84w] beginShutdown: shutting down event queue. (org.apache.kafka.queue.KafkaEventQueue)
[2025-12-05 20:20:21,199] INFO [ControllerRegistrationManager id=1 incarnation=1o-1w6FZSnSpUZJsCRP84w] shutting down. (kafka.server.ControllerRegistrationManager)
[2025-12-05 20:20:21,200] INFO [controller-1-to-controller-registration-channel-manager]: Shutting down (kafka.server.NodeToControllerRequestThread)
[2025-12-05 20:20:21,200] INFO [controller-1-to-controller-registration-channel-manager]: Stopped (kafka.server.NodeToControllerRequestThread)
[2025-12-05 20:20:21,200] INFO [controller-1-to-controller-registration-channel-manager]: Shutdown completed (kafka.server.NodeToControllerRequestThread)
[2025-12-05 20:20:21,200] INFO Node to controller channel manager for registration shutdown (kafka.server.NodeToControllerChannelManagerImpl)
[2025-12-05 20:20:21,200] INFO [ControllerRegistrationManager id=1 incarnation=1o-1w6FZSnSpUZJsCRP84w] closed event queue. (org.apache.kafka.queue.KafkaEventQueue)
[2025-12-05 20:20:21,201] INFO [controller-1-to-controller-registration-channel-manager]: Shutdown completed (kafka.server.NodeToControllerRequestThread)
[2025-12-05 20:20:21,201] WARN [NodeToControllerChannelManager id=1 name=registration] Attempting to close NetworkClient that has already been closed. (org.apache.kafka.clients.NetworkClient)
[2025-12-05 20:20:21,201] INFO Node to controller channel manager for registration shutdown (kafka.server.NodeToControllerChannelManagerImpl)
[2025-12-05 20:20:21,202] INFO [ControllerRegistrationManager id=1 incarnation=1o-1w6FZSnSpUZJsCRP84w] closed event queue. (org.apache.kafka.queue.KafkaEventQueue)
[2025-12-05 20:20:21,203] INFO [SocketServer listenerType=CONTROLLER, nodeId=1] Stopping socket server request processors (kafka.network.SocketServer)
[2025-12-05 20:20:21,205] INFO [SocketServer listenerType=CONTROLLER, nodeId=1] Stopped socket server request processors (kafka.network.SocketServer)
[2025-12-05 20:20:21,205] INFO [QuorumController id=1] QuorumController#beginShutdown: shutting down event queue. (org.apache.kafka.queue.KafkaEventQueue)
[2025-12-05 20:20:21,205] INFO [SocketServer listenerType=CONTROLLER, nodeId=1] Shutting down socket server (kafka.network.SocketServer)
[2025-12-05 20:20:21,207] INFO [SocketServer listenerType=CONTROLLER, nodeId=1] Shutdown completed (kafka.network.SocketServer)
[2025-12-05 20:20:21,208] INFO [data-plane Kafka Request Handler on Controller 1] shutting down (kafka.server.KafkaRequestHandlerPool)
[2025-12-05 20:20:21,208] INFO [data-plane Kafka Request Handler on Controller 1] shut down completely (kafka.server.KafkaRequestHandlerPool)
[2025-12-05 20:20:21,209] INFO [ExpirationReaper-1-AlterAcls]: Shutting down (org.apache.kafka.server.purgatory.DelayedOperationPurgatory$ExpiredOperationReaper)
[2025-12-05 20:20:21,209] INFO [ExpirationReaper-1-AlterAcls]: Stopped (org.apache.kafka.server.purgatory.DelayedOperationPurgatory$ExpiredOperationReaper)
[2025-12-05 20:20:21,209] INFO [ExpirationReaper-1-AlterAcls]: Shutdown completed (org.apache.kafka.server.purgatory.DelayedOperationPurgatory$ExpiredOperationReaper)
[2025-12-05 20:20:21,209] INFO [controller-1-ThrottledChannelReaper-Fetch]: Shutting down (kafka.server.ClientQuotaManager$ThrottledChannelReaper)
[2025-12-05 20:20:21,210] INFO [controller-1-ThrottledChannelReaper-Fetch]: Stopped (kafka.server.ClientQuotaManager$ThrottledChannelReaper)
[2025-12-05 20:20:21,210] INFO [controller-1-ThrottledChannelReaper-Fetch]: Shutdown completed (kafka.server.ClientQuotaManager$ThrottledChannelReaper)
[2025-12-05 20:20:21,210] INFO [controller-1-ThrottledChannelReaper-Produce]: Shutting down (kafka.server.ClientQuotaManager$ThrottledChannelReaper)
[2025-12-05 20:20:21,210] INFO [controller-1-ThrottledChannelReaper-Produce]: Stopped (kafka.server.ClientQuotaManager$ThrottledChannelReaper)
[2025-12-05 20:20:21,210] INFO [controller-1-ThrottledChannelReaper-Produce]: Shutdown completed (kafka.server.ClientQuotaManager$ThrottledChannelReaper)
[2025-12-05 20:20:21,211] INFO [controller-1-ThrottledChannelReaper-Request]: Shutting down (kafka.server.ClientQuotaManager$ThrottledChannelReaper)
[2025-12-05 20:20:21,211] INFO [controller-1-ThrottledChannelReaper-Request]: Stopped (kafka.server.ClientQuotaManager$ThrottledChannelReaper)
[2025-12-05 20:20:21,211] INFO [controller-1-ThrottledChannelReaper-Request]: Shutdown completed (kafka.server.ClientQuotaManager$ThrottledChannelReaper)
[2025-12-05 20:20:21,211] INFO [controller-1-ThrottledChannelReaper-ControllerMutation]: Shutting down (kafka.server.ClientQuotaManager$ThrottledChannelReaper)
[2025-12-05 20:20:21,212] INFO [controller-1-ThrottledChannelReaper-ControllerMutation]: Stopped (kafka.server.ClientQuotaManager$ThrottledChannelReaper)
[2025-12-05 20:20:21,212] INFO [controller-1-ThrottledChannelReaper-ControllerMutation]: Shutdown completed (kafka.server.ClientQuotaManager$ThrottledChannelReaper)
[2025-12-05 20:20:21,212] INFO [QuorumController id=1] closed event queue. (org.apache.kafka.queue.KafkaEventQueue)
[2025-12-05 20:20:21,213] INFO [SharedServer id=1] Stopping SharedServer (kafka.server.SharedServer)
[2025-12-05 20:20:21,213] INFO [MetadataLoader id=1] beginShutdown: shutting down event queue. (org.apache.kafka.queue.KafkaEventQueue)
[2025-12-05 20:20:21,213] INFO [SnapshotGenerator id=1] close: shutting down event queue. (org.apache.kafka.queue.KafkaEventQueue)
[2025-12-05 20:20:21,213] INFO [SnapshotGenerator id=1] closed event queue. (org.apache.kafka.queue.KafkaEventQueue)
[2025-12-05 20:20:21,214] INFO [MetadataLoader id=1] closed event queue. (org.apache.kafka.queue.KafkaEventQueue)
[2025-12-05 20:20:21,214] INFO [SnapshotGenerator id=1] closed event queue. (org.apache.kafka.queue.KafkaEventQueue)
[2025-12-05 20:20:21,214] INFO Metrics scheduler closed (org.apache.kafka.common.metrics.Metrics)
[2025-12-05 20:20:21,214] INFO Closing reporter org.apache.kafka.common.metrics.JmxReporter (org.apache.kafka.common.metrics.Metrics)
[2025-12-05 20:20:21,215] INFO Metrics reporters closed (org.apache.kafka.common.metrics.Metrics)
[2025-12-05 20:20:21,215] INFO App info kafka.server for 1 unregistered (org.apache.kafka.common.utils.AppInfoParser)
[2025-12-05 20:20:21,215] INFO App info kafka.server for 1 unregistered (org.apache.kafka.common.utils.AppInfoParser)
